residue_name,convhull_vertex,is_hydrophobic_protrusion,is_co_insertable,exposed,type,residue_str,type_str,IBS_pred
0.0,0.0,0.0,0.0,0.0,3.0,ALA,Non-polar,0.0
6.0,0.0,0.0,0.0,0.0,2.0,GLU,Negative,0.0
2.0,0.0,0.0,0.0,1.0,4.0,ASN,Polar,0.0
3.0,1.0,0.0,0.0,1.0,2.0,ASP,Negative,0.0
13.0,0.0,0.0,0.0,0.0,0.0,PHE,"Hydrophobic,H-aromatic",0.0
0.0,0.0,0.0,0.0,0.0,3.0,ALA,Non-polar,0.0
19.0,0.0,0.0,0.0,0.0,3.0,VAL,Non-polar,0.0
7.0,0.0,0.0,0.0,1.0,3.0,GLY,Non-polar,0.0
19.0,0.0,0.0,0.0,0.0,3.0,VAL,Non-polar,0.0
7.0,0.0,0.0,0.0,1.0,3.0,GLY,Non-polar,0.0
8.0,0.0,0.0,0.0,1.0,4.0,HIS,Polar,0.0
9.0,0.0,0.0,0.0,0.0,1.0,ILE,"Hydrophobic,H-non-aromatic",0.0
10.0,0.0,0.0,0.0,0.0,1.0,LEU,"Hydrophobic,H-non-aromatic",0.0
6.0,1.0,0.0,0.0,1.0,2.0,GLU,Negative,0.0
7.0,1.0,0.0,0.0,1.0,3.0,GLY,Non-polar,0.0
18.0,0.0,0.0,0.0,0.0,0.0,TYR,"Hydrophobic,H-aromatic",0.0
18.0,0.0,0.0,0.0,0.0,0.0,TYR,"Hydrophobic,H-aromatic",0.0
14.0,0.0,0.0,0.0,0.0,3.0,PRO,Non-polar,0.0
14.0,0.0,0.0,0.0,0.0,3.0,PRO,Non-polar,0.0
11.0,0.0,0.0,0.0,1.0,5.0,LYS,Positive,0.0
11.0,0.0,0.0,0.0,1.0,5.0,LYS,Positive,0.0
10.0,0.0,0.0,0.0,0.0,1.0,LEU,"Hydrophobic,H-non-aromatic",0.0
7.0,0.0,0.0,0.0,1.0,3.0,GLY,Non-polar,0.0
7.0,0.0,0.0,0.0,0.0,3.0,GLY,Non-polar,0.0
10.0,0.0,0.0,0.0,0.0,1.0,LEU,"Hydrophobic,H-non-aromatic",0.0
7.0,0.0,0.0,0.0,0.0,3.0,GLY,Non-polar,0.0
14.0,0.0,0.0,0.0,0.0,3.0,PRO,Non-polar,0.0
6.0,0.0,0.0,0.0,1.0,2.0,GLU,Negative,0.0
11.0,1.0,0.0,0.0,1.0,5.0,LYS,Positive,0.0
16.0,1.0,0.0,0.0,1.0,4.0,THR,Polar,0.0
0.0,0.0,0.0,0.0,0.0,3.0,ALA,Non-polar,0.0
13.0,0.0,0.0,0.0,0.0,0.0,PHE,"Hydrophobic,H-aromatic",0.0
19.0,0.0,0.0,0.0,0.0,3.0,VAL,Non-polar,0.0
6.0,1.0,0.0,0.0,1.0,2.0,GLU,Negative,0.0
5.0,1.0,0.0,0.0,1.0,4.0,GLN,Polar,0.0
12.0,0.0,0.0,0.0,0.0,1.0,MET,"Hydrophobic,H-non-aromatic",0.0
18.0,0.0,0.0,0.0,1.0,0.0,TYR,"Hydrophobic,H-aromatic",0.0
11.0,0.0,0.0,0.0,1.0,5.0,LYS,Positive,0.0
18.0,0.0,0.0,0.0,1.0,0.0,TYR,"Hydrophobic,H-aromatic",0.0
19.0,0.0,0.0,0.0,0.0,3.0,VAL,Non-polar,0.0
13.0,0.0,0.0,0.0,0.0,0.0,PHE,"Hydrophobic,H-aromatic",0.0
7.0,0.0,0.0,0.0,1.0,3.0,GLY,Non-polar,1.0
8.0,0.0,0.0,0.0,0.0,4.0,HIS,Polar,0.0
11.0,0.0,0.0,0.0,1.0,5.0,LYS,Positive,0.0
12.0,0.0,0.0,0.0,0.0,1.0,MET,"Hydrophobic,H-non-aromatic",0.0
2.0,0.0,0.0,0.0,0.0,4.0,ASN,Polar,0.0
0.0,0.0,0.0,0.0,0.0,3.0,ALA,Non-polar,0.0
1.0,0.0,0.0,0.0,0.0,5.0,ARG,Positive,0.0
10.0,0.0,0.0,0.0,0.0,1.0,LEU,"Hydrophobic,H-non-aromatic",0.0
6.0,0.0,0.0,0.0,0.0,2.0,GLU,Negative,0.0
14.0,0.0,0.0,0.0,0.0,3.0,PRO,Non-polar,0.0
6.0,1.0,0.0,0.0,1.0,2.0,GLU,Negative,0.0
0.0,0.0,0.0,0.0,0.0,3.0,ALA,Non-polar,0.0
18.0,0.0,0.0,0.0,0.0,0.0,TYR,"Hydrophobic,H-aromatic",0.0
5.0,0.0,0.0,0.0,1.0,4.0,GLN,Polar,0.0
13.0,0.0,0.0,0.0,0.0,0.0,PHE,"Hydrophobic,H-aromatic",0.0
3.0,1.0,0.0,0.0,1.0,2.0,ASP,Negative,0.0
6.0,1.0,0.0,0.0,1.0,2.0,GLU,Negative,0.0
14.0,0.0,0.0,0.0,0.0,3.0,PRO,Non-polar,0.0
9.0,0.0,0.0,0.0,0.0,1.0,ILE,"Hydrophobic,H-non-aromatic",0.0
10.0,0.0,0.0,0.0,0.0,1.0,LEU,"Hydrophobic,H-non-aromatic",0.0
15.0,0.0,0.0,0.0,1.0,4.0,SER,Polar,0.0
16.0,0.0,0.0,0.0,1.0,4.0,THR,Polar,0.0
2.0,0.0,0.0,0.0,0.0,4.0,ASN,Polar,0.0
9.0,0.0,0.0,0.0,0.0,1.0,ILE,"Hydrophobic,H-non-aromatic",0.0
5.0,0.0,0.0,0.0,0.0,4.0,GLN,Polar,0.0
9.0,0.0,0.0,0.0,0.0,1.0,ILE,"Hydrophobic,H-non-aromatic",0.0
18.0,0.0,0.0,0.0,0.0,0.0,TYR,"Hydrophobic,H-aromatic",0.0
10.0,0.0,0.0,0.0,1.0,1.0,LEU,"Hydrophobic,H-non-aromatic",0.0
5.0,0.0,0.0,0.0,1.0,4.0,GLN,Polar,0.0
18.0,0.0,0.0,0.0,0.0,0.0,TYR,"Hydrophobic,H-aromatic",0.0
3.0,0.0,0.0,0.0,0.0,2.0,ASP,Negative,0.0
1.0,0.0,0.0,0.0,1.0,5.0,ARG,Positive,0.0
19.0,0.0,0.0,0.0,0.0,3.0,VAL,Non-polar,0.0
3.0,0.0,0.0,0.0,0.0,2.0,ASP,Negative,0.0
18.0,0.0,0.0,0.0,0.0,0.0,TYR,"Hydrophobic,H-aromatic",0.0
16.0,0.0,0.0,0.0,0.0,4.0,THR,Polar,0.0
2.0,1.0,0.0,0.0,1.0,4.0,ASN,Polar,0.0
3.0,1.0,0.0,0.0,1.0,2.0,ASP,Negative,0.0
5.0,0.0,0.0,0.0,0.0,4.0,GLN,Polar,0.0
16.0,0.0,0.0,0.0,0.0,4.0,THR,Polar,0.0
10.0,0.0,0.0,0.0,0.0,1.0,LEU,"Hydrophobic,H-non-aromatic",0.0
0.0,0.0,0.0,0.0,0.0,3.0,ALA,Non-polar,0.0
3.0,1.0,0.0,0.0,1.0,2.0,ASP,Negative,0.0
10.0,0.0,0.0,0.0,0.0,1.0,LEU,"Hydrophobic,H-non-aromatic",0.0
18.0,0.0,0.0,0.0,0.0,0.0,TYR,"Hydrophobic,H-aromatic",0.0
11.0,0.0,0.0,0.0,1.0,5.0,LYS,Positive,0.0
6.0,0.0,0.0,0.0,1.0,2.0,GLU,Negative,0.0
0.0,0.0,0.0,0.0,0.0,3.0,ALA,Non-polar,0.0
15.0,0.0,0.0,0.0,0.0,4.0,SER,Polar,0.0
10.0,0.0,0.0,0.0,0.0,1.0,LEU,"Hydrophobic,H-non-aromatic",0.0
6.0,0.0,0.0,0.0,1.0,2.0,GLU,Negative,0.0
10.0,0.0,0.0,0.0,1.0,1.0,LEU,"Hydrophobic,H-non-aromatic",0.0
16.0,1.0,0.0,0.0,1.0,4.0,THR,Polar,0.0
18.0,0.0,0.0,0.0,0.0,0.0,TYR,"Hydrophobic,H-aromatic",0.0
12.0,0.0,0.0,0.0,0.0,1.0,MET,"Hydrophobic,H-non-aromatic",0.0
13.0,0.0,0.0,0.0,0.0,0.0,PHE,"Hydrophobic,H-aromatic",0.0
10.0,0.0,0.0,0.0,0.0,1.0,LEU,"Hydrophobic,H-non-aromatic",0.0
3.0,1.0,0.0,0.0,1.0,2.0,ASP,Negative,0.0
0.0,0.0,0.0,0.0,0.0,3.0,ALA,Non-polar,0.0
3.0,1.0,0.0,0.0,1.0,2.0,ASP,Negative,0.0
10.0,0.0,0.0,0.0,1.0,1.0,LEU,"Hydrophobic,H-non-aromatic",0.0
9.0,0.0,0.0,0.0,0.0,1.0,ILE,"Hydrophobic,H-non-aromatic",0.0
16.0,0.0,0.0,0.0,0.0,4.0,THR,Polar,0.0
14.0,0.0,0.0,0.0,0.0,3.0,PRO,Non-polar,0.0
0.0,0.0,0.0,0.0,1.0,3.0,ALA,Non-polar,0.0
0.0,1.0,0.0,0.0,1.0,3.0,ALA,Non-polar,0.0
18.0,0.0,0.0,0.0,0.0,0.0,TYR,"Hydrophobic,H-aromatic",0.0
0.0,0.0,0.0,0.0,0.0,3.0,ALA,Non-polar,0.0
9.0,0.0,0.0,0.0,0.0,1.0,ILE,"Hydrophobic,H-non-aromatic",0.0
1.0,0.0,0.0,0.0,0.0,5.0,ARG,Positive,0.0
10.0,0.0,0.0,0.0,1.0,1.0,LEU,"Hydrophobic,H-non-aromatic",0.0
10.0,0.0,0.0,0.0,0.0,1.0,LEU,"Hydrophobic,H-non-aromatic",0.0
0.0,0.0,0.0,0.0,0.0,3.0,ALA,Non-polar,0.0
0.0,1.0,0.0,0.0,1.0,3.0,ALA,Non-polar,0.0
0.0,1.0,0.0,0.0,1.0,3.0,ALA,Non-polar,0.0
7.0,1.0,0.0,0.0,1.0,3.0,GLY,Non-polar,0.0
7.0,0.0,0.0,0.0,0.0,3.0,GLY,Non-polar,0.0
16.0,0.0,0.0,0.0,0.0,4.0,THR,Polar,0.0
8.0,0.0,0.0,0.0,0.0,4.0,HIS,Polar,0.0
10.0,0.0,0.0,0.0,0.0,1.0,LEU,"Hydrophobic,H-non-aromatic",0.0
19.0,0.0,0.0,0.0,1.0,3.0,VAL,Non-polar,0.0
19.0,0.0,0.0,0.0,0.0,3.0,VAL,Non-polar,0.0
10.0,0.0,0.0,0.0,0.0,1.0,LEU,"Hydrophobic,H-non-aromatic",0.0
16.0,0.0,0.0,0.0,0.0,4.0,THR,Polar,0.0
19.0,0.0,0.0,0.0,0.0,3.0,VAL,Non-polar,0.0
11.0,0.0,0.0,0.0,1.0,5.0,LYS,Positive,0.0
19.0,0.0,0.0,0.0,1.0,3.0,VAL,Non-polar,0.0
0.0,0.0,0.0,0.0,0.0,3.0,ALA,Non-polar,0.0
16.0,1.0,0.0,0.0,1.0,4.0,THR,Polar,0.0
19.0,0.0,0.0,0.0,0.0,3.0,VAL,Non-polar,0.0
5.0,0.0,0.0,0.0,1.0,4.0,GLN,Polar,0.0
19.0,0.0,0.0,0.0,1.0,3.0,VAL,Non-polar,0.0
0.0,0.0,0.0,0.0,1.0,3.0,ALA,Non-polar,0.0
6.0,0.0,0.0,0.0,0.0,2.0,GLU,Negative,0.0
19.0,0.0,0.0,0.0,0.0,3.0,VAL,Non-polar,0.0
19.0,0.0,0.0,0.0,0.0,3.0,VAL,Non-polar,0.0
16.0,1.0,0.0,0.0,1.0,4.0,THR,Polar,0.0
19.0,0.0,0.0,0.0,0.0,3.0,VAL,Non-polar,0.0
15.0,0.0,0.0,0.0,1.0,4.0,SER,Polar,0.0
6.0,0.0,0.0,0.0,0.0,2.0,GLU,Negative,0.0
0.0,0.0,0.0,0.0,0.0,3.0,ALA,Non-polar,0.0
19.0,0.0,0.0,0.0,0.0,3.0,VAL,Non-polar,0.0
10.0,0.0,0.0,0.0,0.0,1.0,LEU,"Hydrophobic,H-non-aromatic",0.0
2.0,0.0,0.0,0.0,0.0,4.0,ASN,Polar,0.0
10.0,0.0,0.0,0.0,0.0,1.0,LEU,"Hydrophobic,H-non-aromatic",0.0
11.0,0.0,0.0,0.0,0.0,5.0,LYS,Positive,0.0
12.0,0.0,0.0,0.0,0.0,1.0,MET,"Hydrophobic,H-non-aromatic",0.0
8.0,0.0,0.0,0.0,0.0,4.0,HIS,Polar,0.0
14.0,0.0,0.0,0.0,1.0,3.0,PRO,Non-polar,0.0
14.0,1.0,0.0,0.0,1.0,3.0,PRO,Non-polar,0.0
8.0,0.0,0.0,0.0,0.0,4.0,HIS,Polar,0.0
16.0,0.0,0.0,0.0,0.0,4.0,THR,Polar,0.0
16.0,1.0,0.0,0.0,1.0,4.0,THR,Polar,0.0
18.0,0.0,0.0,0.0,0.0,0.0,TYR,"Hydrophobic,H-aromatic",0.0
11.0,0.0,0.0,0.0,0.0,5.0,LYS,Positive,0.0
10.0,0.0,0.0,0.0,0.0,1.0,LEU,"Hydrophobic,H-non-aromatic",0.0
4.0,0.0,0.0,0.0,0.0,1.0,CYS,"Hydrophobic,H-non-aromatic",0.0
15.0,0.0,0.0,0.0,0.0,4.0,SER,Polar,0.0
1.0,0.0,0.0,0.0,1.0,5.0,ARG,Positive,0.0
7.0,0.0,0.0,0.0,1.0,3.0,GLY,Non-polar,0.0
15.0,0.0,0.0,0.0,1.0,4.0,SER,Polar,0.0
13.0,0.0,0.0,0.0,1.0,0.0,PHE,"Hydrophobic,H-aromatic",0.0
0.0,0.0,0.0,0.0,0.0,3.0,ALA,Non-polar,0.0
13.0,1.0,0.0,0.0,1.0,0.0,PHE,"Hydrophobic,H-aromatic",0.0
15.0,0.0,0.0,0.0,0.0,4.0,SER,Polar,0.0
19.0,0.0,0.0,0.0,1.0,3.0,VAL,Non-polar,0.0
10.0,0.0,0.0,0.0,0.0,1.0,LEU,"Hydrophobic,H-non-aromatic",0.0
0.0,0.0,0.0,0.0,0.0,3.0,ALA,Non-polar,0.0
19.0,0.0,0.0,0.0,0.0,3.0,VAL,Non-polar,0.0
7.0,0.0,0.0,0.0,1.0,3.0,GLY,Non-polar,0.0
19.0,0.0,0.0,0.0,0.0,3.0,VAL,Non-polar,0.0
19.0,1.0,0.0,0.0,1.0,3.0,VAL,Non-polar,0.0
9.0,0.0,0.0,0.0,0.0,1.0,ILE,"Hydrophobic,H-non-aromatic",0.0
19.0,0.0,0.0,0.0,1.0,3.0,VAL,Non-polar,0.0
15.0,0.0,0.0,0.0,1.0,4.0,SER,Polar,0.0
10.0,0.0,0.0,0.0,0.0,1.0,LEU,"Hydrophobic,H-non-aromatic",0.0
6.0,1.0,0.0,0.0,1.0,2.0,GLU,Negative,0.0
11.0,0.0,0.0,0.0,1.0,5.0,LYS,Positive,0.0
13.0,1.0,1.0,1.0,1.0,0.0,PHE,"Hydrophobic,H-aromatic",0.0
0.0,0.0,0.0,0.0,1.0,3.0,ALA,Non-polar,0.0
6.0,0.0,0.0,0.0,0.0,2.0,GLU,Negative,0.0
10.0,0.0,0.0,0.0,0.0,1.0,LEU,"Hydrophobic,H-non-aromatic",0.0
9.0,0.0,0.0,0.0,0.0,1.0,ILE,"Hydrophobic,H-non-aromatic",0.0
13.0,0.0,0.0,0.0,0.0,0.0,PHE,"Hydrophobic,H-aromatic",0.0
16.0,0.0,0.0,0.0,0.0,4.0,THR,Polar,0.0
10.0,1.0,1.0,1.0,1.0,1.0,LEU,"Hydrophobic,H-non-aromatic",0.0
2.0,0.0,0.0,0.0,1.0,4.0,ASN,Polar,0.0
2.0,1.0,0.0,0.0,1.0,4.0,ASN,Polar,0.0
7.0,1.0,0.0,0.0,1.0,3.0,GLY,Non-polar,0.0
13.0,0.0,0.0,0.0,0.0,0.0,PHE,"Hydrophobic,H-aromatic",0.0
10.0,0.0,0.0,0.0,0.0,1.0,LEU,"Hydrophobic,H-non-aromatic",0.0
11.0,1.0,0.0,0.0,1.0,5.0,LYS,Positive,0.0
10.0,0.0,0.0,0.0,1.0,1.0,LEU,"Hydrophobic,H-non-aromatic",0.0
16.0,0.0,0.0,0.0,0.0,4.0,THR,Polar,0.0
10.0,0.0,0.0,0.0,0.0,1.0,LEU,"Hydrophobic,H-non-aromatic",0.0
19.0,0.0,0.0,0.0,0.0,3.0,VAL,Non-polar,0.0
5.0,1.0,0.0,0.0,1.0,4.0,GLN,Polar,0.0
13.0,0.0,0.0,0.0,0.0,0.0,PHE,"Hydrophobic,H-aromatic",0.0
16.0,0.0,0.0,0.0,0.0,4.0,THR,Polar,0.0
9.0,0.0,0.0,0.0,0.0,1.0,ILE,"Hydrophobic,H-non-aromatic",0.0
18.0,0.0,0.0,0.0,0.0,0.0,TYR,"Hydrophobic,H-aromatic",0.0
0.0,1.0,0.0,0.0,1.0,3.0,ALA,Non-polar,0.0
16.0,1.0,0.0,0.0,1.0,4.0,THR,Polar,0.0
0.0,0.0,0.0,0.0,1.0,3.0,ALA,Non-polar,0.0
14.0,1.0,0.0,0.0,1.0,3.0,PRO,Non-polar,0.0
12.0,0.0,0.0,0.0,1.0,1.0,MET,"Hydrophobic,H-non-aromatic",0.0
10.0,0.0,0.0,0.0,0.0,1.0,LEU,"Hydrophobic,H-non-aromatic",0.0
7.0,0.0,0.0,0.0,1.0,3.0,GLY,Non-polar,0.0
5.0,0.0,0.0,0.0,0.0,4.0,GLN,Polar,0.0
9.0,0.0,0.0,0.0,0.0,1.0,ILE,"Hydrophobic,H-non-aromatic",0.0
3.0,0.0,0.0,0.0,0.0,2.0,ASP,Negative,0.0
19.0,0.0,0.0,0.0,1.0,3.0,VAL,Non-polar,0.0
4.0,0.0,0.0,0.0,0.0,1.0,CYS,"Hydrophobic,H-non-aromatic",0.0
11.0,0.0,0.0,0.0,1.0,5.0,LYS,Positive,0.0
17.0,0.0,0.0,0.0,0.0,0.0,TRP,"Hydrophobic,H-aromatic",0.0
14.0,0.0,0.0,0.0,1.0,3.0,PRO,Non-polar,0.0
19.0,0.0,0.0,0.0,0.0,3.0,VAL,Non-polar,0.0
15.0,1.0,0.0,0.0,1.0,4.0,SER,Polar,0.0
3.0,1.0,0.0,0.0,1.0,2.0,ASP,Negative,0.0
16.0,0.0,0.0,0.0,0.0,4.0,THR,Polar,0.0
6.0,0.0,0.0,0.0,1.0,2.0,GLU,Negative,0.0
6.0,0.0,0.0,0.0,0.0,2.0,GLU,Negative,0.0
13.0,0.0,0.0,0.0,0.0,0.0,PHE,"Hydrophobic,H-aromatic",0.0
8.0,0.0,0.0,0.0,1.0,4.0,HIS,Polar,0.0
15.0,0.0,0.0,0.0,1.0,4.0,SER,Polar,0.0
19.0,0.0,0.0,0.0,0.0,3.0,VAL,Non-polar,0.0
14.0,0.0,0.0,0.0,1.0,3.0,PRO,Non-polar,0.0
2.0,0.0,0.0,0.0,0.0,4.0,ASN,Polar,0.0
19.0,0.0,0.0,0.0,0.0,3.0,VAL,Non-polar,0.0
19.0,0.0,0.0,0.0,0.0,3.0,VAL,Non-polar,0.0
19.0,0.0,0.0,0.0,0.0,3.0,VAL,Non-polar,0.0
11.0,1.0,0.0,0.0,1.0,5.0,LYS,Positive,0.0
7.0,0.0,0.0,0.0,0.0,3.0,GLY,Non-polar,0.0
6.0,0.0,0.0,0.0,1.0,2.0,GLU,Negative,0.0
0.0,0.0,0.0,0.0,0.0,3.0,ALA,Non-polar,0.0
0.0,0.0,0.0,0.0,0.0,3.0,ALA,Non-polar,0.0
17.0,0.0,0.0,0.0,0.0,0.0,TRP,"Hydrophobic,H-aromatic",0.0
1.0,0.0,0.0,0.0,0.0,5.0,ARG,Positive,0.0
16.0,0.0,0.0,0.0,0.0,4.0,THR,Polar,0.0
15.0,1.0,0.0,0.0,1.0,4.0,SER,Polar,0.0
10.0,0.0,0.0,0.0,0.0,1.0,LEU,"Hydrophobic,H-non-aromatic",0.0
17.0,1.0,1.0,0.0,1.0,0.0,TRP,"Hydrophobic,H-aromatic",0.0
0.0,0.0,0.0,0.0,1.0,3.0,ALA,Non-polar,0.0
5.0,0.0,0.0,0.0,0.0,4.0,GLN,Polar,0.0
0.0,0.0,0.0,0.0,0.0,3.0,ALA,Non-polar,0.0
7.0,1.0,0.0,0.0,1.0,3.0,GLY,Non-polar,0.0
16.0,0.0,0.0,0.0,1.0,4.0,THR,Polar,0.0
9.0,0.0,0.0,0.0,0.0,1.0,ILE,"Hydrophobic,H-non-aromatic",0.0
0.0,0.0,0.0,0.0,0.0,3.0,ALA,Non-polar,0.0
7.0,0.0,0.0,0.0,0.0,3.0,GLY,Non-polar,0.0
18.0,0.0,0.0,0.0,0.0,0.0,TYR,"Hydrophobic,H-aromatic",0.0
1.0,0.0,0.0,0.0,1.0,5.0,ARG,Positive,0.0
0.0,1.0,0.0,0.0,1.0,3.0,ALA,Non-polar,0.0
12.0,0.0,0.0,0.0,0.0,1.0,MET,"Hydrophobic,H-non-aromatic",0.0
11.0,0.0,0.0,0.0,1.0,5.0,LYS,Positive,0.0
19.0,0.0,0.0,0.0,1.0,3.0,VAL,Non-polar,0.0
11.0,0.0,0.0,0.0,1.0,5.0,LYS,Positive,0.0
15.0,0.0,0.0,0.0,1.0,4.0,SER,Polar,0.0
11.0,0.0,0.0,0.0,1.0,5.0,LYS,Positive,0.0
1.0,1.0,0.0,0.0,1.0,5.0,ARG,Positive,0.0
5.0,0.0,0.0,0.0,1.0,4.0,GLN,Polar,0.0
6.0,0.0,0.0,0.0,0.0,2.0,GLU,Negative,0.0
14.0,0.0,0.0,0.0,0.0,3.0,PRO,Non-polar,0.0
4.0,0.0,0.0,0.0,0.0,1.0,CYS,"Hydrophobic,H-non-aromatic",0.0
10.0,0.0,0.0,0.0,0.0,1.0,LEU,"Hydrophobic,H-non-aromatic",0.0
13.0,0.0,0.0,0.0,1.0,0.0,PHE,"Hydrophobic,H-aromatic",0.0
13.0,0.0,0.0,0.0,0.0,0.0,PHE,"Hydrophobic,H-aromatic",0.0
3.0,1.0,0.0,0.0,1.0,2.0,ASP,Negative,0.0
5.0,0.0,0.0,0.0,0.0,4.0,GLN,Polar,0.0
10.0,0.0,0.0,0.0,0.0,1.0,LEU,"Hydrophobic,H-non-aromatic",0.0
6.0,0.0,0.0,0.0,0.0,2.0,GLU,Negative,0.0
8.0,0.0,0.0,0.0,0.0,4.0,HIS,Polar,0.0
0.0,1.0,0.0,0.0,1.0,3.0,ALA,Non-polar,0.0
19.0,0.0,0.0,0.0,0.0,3.0,VAL,Non-polar,0.0
7.0,0.0,0.0,0.0,0.0,3.0,GLY,Non-polar,0.0
3.0,0.0,0.0,0.0,1.0,2.0,ASP,Negative,0.0
11.0,0.0,0.0,0.0,1.0,5.0,LYS,Positive,0.0
18.0,0.0,0.0,0.0,0.0,0.0,TYR,"Hydrophobic,H-aromatic",0.0
8.0,0.0,0.0,0.0,0.0,4.0,HIS,Polar,0.0
5.0,1.0,0.0,0.0,1.0,4.0,GLN,Polar,0.0
1.0,0.0,0.0,0.0,0.0,5.0,ARG,Positive,0.0
5.0,1.0,0.0,0.0,1.0,4.0,GLN,Polar,0.0
7.0,0.0,0.0,0.0,1.0,3.0,GLY,Non-polar,0.0
7.0,0.0,0.0,0.0,0.0,3.0,GLY,Non-polar,0.0
16.0,1.0,0.0,0.0,0.0,4.0,THR,Polar,0.0
2.0,1.0,0.0,0.0,1.0,4.0,ASN,Polar,0.0
0.0,1.0,0.0,0.0,1.0,3.0,ALA,Non-polar,0.0
2.0,0.0,0.0,0.0,0.0,4.0,ASN,Polar,0.0
15.0,1.0,0.0,0.0,1.0,4.0,SER,Polar,0.0
4.0,0.0,0.0,0.0,0.0,1.0,CYS,"Hydrophobic,H-non-aromatic",0.0
13.0,0.0,0.0,0.0,0.0,0.0,PHE,"Hydrophobic,H-aromatic",0.0
14.0,0.0,0.0,0.0,0.0,3.0,PRO,Non-polar,0.0
1.0,0.0,0.0,0.0,1.0,5.0,ARG,Positive,0.0
2.0,1.0,0.0,0.0,1.0,4.0,ASN,Polar,0.0
9.0,0.0,0.0,0.0,0.0,1.0,ILE,"Hydrophobic,H-non-aromatic",0.0
10.0,0.0,0.0,0.0,0.0,1.0,LEU,"Hydrophobic,H-non-aromatic",0.0
10.0,0.0,0.0,0.0,0.0,1.0,LEU,"Hydrophobic,H-non-aromatic",0.0
14.0,0.0,0.0,0.0,0.0,3.0,PRO,Non-polar,0.0
7.0,1.0,0.0,0.0,1.0,3.0,GLY,Non-polar,0.0
5.0,1.0,0.0,0.0,1.0,4.0,GLN,Polar,0.0
11.0,0.0,0.0,0.0,1.0,5.0,LYS,Positive,0.0
0.0,0.0,0.0,0.0,0.0,3.0,ALA,Non-polar,0.0
8.0,0.0,0.0,0.0,0.0,4.0,HIS,Polar,0.0
11.0,0.0,0.0,0.0,1.0,5.0,LYS,Positive,0.0
11.0,0.0,0.0,0.0,1.0,5.0,LYS,Positive,0.0
15.0,0.0,0.0,0.0,0.0,4.0,SER,Polar,0.0
6.0,0.0,0.0,0.0,1.0,2.0,GLU,Negative,0.0
11.0,0.0,0.0,0.0,1.0,5.0,LYS,Positive,0.0
3.0,0.0,0.0,0.0,0.0,2.0,ASP,Negative,0.0
0.0,0.0,0.0,0.0,0.0,3.0,ALA,Non-polar,0.0
0.0,0.0,0.0,0.0,0.0,3.0,ALA,Non-polar,0.0
0.0,0.0,0.0,0.0,0.0,3.0,ALA,Non-polar,0.0
1.0,0.0,0.0,0.0,0.0,5.0,ARG,Positive,0.0
2.0,1.0,0.0,0.0,1.0,4.0,ASN,Polar,0.0
3.0,0.0,0.0,0.0,1.0,2.0,ASP,Negative,0.0
12.0,0.0,0.0,0.0,1.0,1.0,MET,"Hydrophobic,H-non-aromatic",0.0
11.0,0.0,0.0,0.0,1.0,5.0,LYS,Positive,0.0
19.0,0.0,0.0,0.0,0.0,3.0,VAL,Non-polar,0.0
11.0,0.0,0.0,0.0,1.0,5.0,LYS,Positive,0.0
8.0,0.0,0.0,0.0,0.0,4.0,HIS,Polar,0.0
16.0,0.0,0.0,0.0,1.0,4.0,THR,Polar,0.0
0.0,0.0,0.0,0.0,0.0,3.0,ALA,Non-polar,0.0
18.0,0.0,0.0,0.0,0.0,0.0,TYR,"Hydrophobic,H-aromatic",0.0
2.0,1.0,0.0,0.0,1.0,4.0,ASN,Polar,0.0
12.0,1.0,1.0,1.0,1.0,1.0,MET,"Hydrophobic,H-non-aromatic",0.0
11.0,1.0,0.0,0.0,1.0,5.0,LYS,Positive,0.0
17.0,1.0,1.0,0.0,1.0,0.0,TRP,"Hydrophobic,H-aromatic",0.0
11.0,1.0,0.0,0.0,1.0,5.0,LYS,Positive,0.0
16.0,0.0,0.0,0.0,0.0,4.0,THR,Polar,0.0
11.0,0.0,0.0,0.0,1.0,5.0,LYS,Positive,0.0
16.0,0.0,0.0,0.0,1.0,4.0,THR,Polar,0.0
11.0,0.0,0.0,0.0,1.0,5.0,LYS,Positive,1.0
1.0,0.0,0.0,0.0,1.0,5.0,ARG,Positive,0.0
18.0,0.0,0.0,0.0,0.0,0.0,TYR,"Hydrophobic,H-aromatic",0.0
11.0,0.0,0.0,0.0,1.0,5.0,LYS,Positive,0.0
19.0,0.0,0.0,0.0,0.0,3.0,VAL,Non-polar,0.0
15.0,0.0,0.0,0.0,0.0,4.0,SER,Polar,0.0
3.0,0.0,0.0,0.0,0.0,2.0,ASP,Negative,0.0
18.0,0.0,0.0,0.0,0.0,0.0,TYR,"Hydrophobic,H-aromatic",0.0
16.0,0.0,0.0,0.0,0.0,4.0,THR,Polar,0.0
19.0,0.0,0.0,0.0,0.0,3.0,VAL,Non-polar,0.0
16.0,0.0,0.0,0.0,0.0,4.0,THR,Polar,0.0
19.0,0.0,0.0,0.0,0.0,3.0,VAL,Non-polar,0.0
2.0,0.0,0.0,0.0,0.0,4.0,ASN,Polar,0.0
7.0,0.0,0.0,0.0,0.0,3.0,GLY,Non-polar,0.0
10.0,0.0,0.0,0.0,0.0,1.0,LEU,"Hydrophobic,H-non-aromatic",0.0
3.0,0.0,0.0,0.0,0.0,2.0,ASP,Negative,0.0
0.0,0.0,0.0,0.0,0.0,3.0,ALA,Non-polar,0.0
9.0,0.0,0.0,0.0,0.0,1.0,ILE,"Hydrophobic,H-non-aromatic",0.0
14.0,0.0,0.0,0.0,0.0,3.0,PRO,Non-polar,0.0
7.0,1.0,0.0,0.0,1.0,3.0,GLY,Non-polar,0.0
19.0,0.0,0.0,0.0,1.0,3.0,VAL,Non-polar,0.0
3.0,1.0,0.0,0.0,1.0,2.0,ASP,Negative,0.0
6.0,0.0,0.0,0.0,0.0,2.0,GLU,Negative,0.0
9.0,0.0,0.0,0.0,0.0,1.0,ILE,"Hydrophobic,H-non-aromatic",0.0
19.0,0.0,0.0,0.0,0.0,3.0,VAL,Non-polar,0.0
0.0,0.0,0.0,0.0,0.0,3.0,ALA,Non-polar,0.0
11.0,0.0,0.0,0.0,1.0,5.0,LYS,Positive,0.0
11.0,1.0,0.0,0.0,1.0,5.0,LYS,Positive,0.0
11.0,1.0,0.0,0.0,1.0,5.0,LYS,Positive,0.0
10.0,0.0,0.0,0.0,1.0,1.0,LEU,"Hydrophobic,H-non-aromatic",0.0
19.0,0.0,0.0,0.0,0.0,3.0,VAL,Non-polar,0.0
8.0,1.0,0.0,0.0,1.0,4.0,HIS,Polar,0.0
7.0,0.0,0.0,0.0,0.0,3.0,GLY,Non-polar,0.0
19.0,0.0,0.0,0.0,0.0,3.0,VAL,Non-polar,0.0
11.0,0.0,0.0,0.0,1.0,5.0,LYS,Positive,0.0
19.0,0.0,0.0,0.0,0.0,3.0,VAL,Non-polar,0.0
16.0,1.0,0.0,0.0,1.0,4.0,THR,Polar,0.0
6.0,0.0,0.0,0.0,1.0,2.0,GLU,Negative,0.0
2.0,0.0,0.0,0.0,0.0,4.0,ASN,Polar,0.0
13.0,0.0,0.0,0.0,0.0,0.0,PHE,"Hydrophobic,H-aromatic",0.0
14.0,0.0,0.0,0.0,0.0,3.0,PRO,Non-polar,0.0
9.0,0.0,0.0,0.0,0.0,1.0,ILE,"Hydrophobic,H-non-aromatic",0.0
13.0,0.0,0.0,0.0,0.0,0.0,PHE,"Hydrophobic,H-aromatic",0.0
0.0,0.0,0.0,0.0,0.0,3.0,ALA,Non-polar,0.0
14.0,0.0,0.0,0.0,0.0,3.0,PRO,Non-polar,0.0
1.0,0.0,0.0,0.0,1.0,5.0,ARG,Positive,0.0
18.0,0.0,0.0,0.0,1.0,0.0,TYR,"Hydrophobic,H-aromatic",0.0
11.0,0.0,0.0,0.0,1.0,5.0,LYS,Positive,0.0
19.0,0.0,0.0,0.0,0.0,3.0,VAL,Non-polar,0.0
9.0,0.0,0.0,0.0,0.0,1.0,ILE,"Hydrophobic,H-non-aromatic",0.0
7.0,0.0,0.0,0.0,1.0,3.0,GLY,Non-polar,0.0
15.0,1.0,0.0,0.0,1.0,4.0,SER,Polar,0.0
17.0,0.0,0.0,0.0,1.0,0.0,TRP,"Hydrophobic,H-aromatic",0.0
7.0,0.0,0.0,0.0,0.0,3.0,GLY,Non-polar,0.0
17.0,0.0,0.0,0.0,1.0,0.0,TRP,"Hydrophobic,H-aromatic",0.0
12.0,0.0,0.0,0.0,0.0,1.0,MET,"Hydrophobic,H-non-aromatic",0.0
10.0,0.0,0.0,0.0,0.0,1.0,LEU,"Hydrophobic,H-non-aromatic",0.0
10.0,0.0,0.0,0.0,0.0,1.0,LEU,"Hydrophobic,H-non-aromatic",0.0
6.0,1.0,0.0,0.0,1.0,2.0,GLU,Negative,0.0
10.0,0.0,0.0,0.0,0.0,1.0,LEU,"Hydrophobic,H-non-aromatic",0.0
4.0,0.0,0.0,0.0,0.0,1.0,CYS,"Hydrophobic,H-non-aromatic",0.0
6.0,1.0,0.0,0.0,1.0,2.0,GLU,Negative,0.0
10.0,0.0,0.0,0.0,1.0,1.0,LEU,"Hydrophobic,H-non-aromatic",0.0
1.0,0.0,0.0,0.0,1.0,5.0,ARG,Positive,0.0
5.0,0.0,0.0,0.0,1.0,4.0,GLN,Polar,0.0
12.0,0.0,0.0,0.0,1.0,1.0,MET,"Hydrophobic,H-non-aromatic",0.0
7.0,0.0,0.0,0.0,0.0,3.0,GLY,Non-polar,0.0
16.0,0.0,0.0,0.0,1.0,4.0,THR,Polar,0.0
12.0,0.0,0.0,0.0,0.0,1.0,MET,"Hydrophobic,H-non-aromatic",0.0
8.0,0.0,0.0,0.0,1.0,4.0,HIS,Polar,0.0
8.0,0.0,0.0,0.0,0.0,4.0,HIS,Polar,0.0
1.0,0.0,0.0,0.0,1.0,5.0,ARG,Positive,0.0
13.0,0.0,0.0,0.0,0.0,0.0,PHE,"Hydrophobic,H-aromatic",0.0
11.0,0.0,0.0,0.0,1.0,5.0,LYS,Positive,0.0
11.0,1.0,0.0,0.0,1.0,5.0,LYS,Positive,0.0
9.0,0.0,0.0,0.0,0.0,1.0,ILE,"Hydrophobic,H-non-aromatic",0.0
10.0,0.0,0.0,0.0,0.0,1.0,LEU,"Hydrophobic,H-non-aromatic",0.0
7.0,0.0,0.0,0.0,1.0,3.0,GLY,Non-polar,0.0
13.0,0.0,0.0,0.0,0.0,0.0,PHE,"Hydrophobic,H-aromatic",0.0
16.0,0.0,0.0,0.0,0.0,4.0,THR,Polar,0.0
0.0,0.0,0.0,0.0,0.0,3.0,ALA,Non-polar,0.0
11.0,0.0,0.0,0.0,1.0,5.0,LYS,Positive,0.0
14.0,1.0,0.0,0.0,1.0,3.0,PRO,Non-polar,0.0
2.0,0.0,0.0,0.0,0.0,4.0,ASN,Polar,0.0
6.0,0.0,0.0,0.0,1.0,2.0,GLU,Negative,0.0
17.0,0.0,0.0,0.0,0.0,0.0,TRP,"Hydrophobic,H-aromatic",0.0
7.0,1.0,0.0,0.0,1.0,3.0,GLY,Non-polar,0.0
15.0,0.0,0.0,0.0,1.0,4.0,SER,Polar,1.0
19.0,0.0,0.0,0.0,0.0,3.0,VAL,Non-polar,0.0
15.0,0.0,0.0,0.0,1.0,4.0,SER,Polar,0.0
7.0,0.0,0.0,0.0,1.0,3.0,GLY,Non-polar,0.0
5.0,0.0,0.0,0.0,1.0,4.0,GLN,Polar,0.0
16.0,0.0,0.0,0.0,0.0,4.0,THR,Polar,0.0
10.0,0.0,0.0,0.0,0.0,1.0,LEU,"Hydrophobic,H-non-aromatic",0.0
17.0,0.0,0.0,0.0,0.0,0.0,TRP,"Hydrophobic,H-aromatic",0.0
2.0,0.0,0.0,0.0,1.0,4.0,ASN,Polar,0.0
14.0,0.0,0.0,0.0,1.0,3.0,PRO,Non-polar,0.0
4.0,0.0,0.0,0.0,0.0,1.0,CYS,"Hydrophobic,H-non-aromatic",0.0
13.0,0.0,0.0,0.0,0.0,0.0,PHE,"Hydrophobic,H-aromatic",0.0
3.0,1.0,0.0,0.0,1.0,2.0,ASP,Negative,0.0
10.0,0.0,0.0,0.0,0.0,1.0,LEU,"Hydrophobic,H-non-aromatic",0.0
17.0,0.0,0.0,0.0,0.0,0.0,TRP,"Hydrophobic,H-aromatic",0.0
6.0,0.0,0.0,0.0,1.0,2.0,GLU,Negative,0.0
9.0,0.0,0.0,0.0,0.0,1.0,ILE,"Hydrophobic,H-non-aromatic",0.0
15.0,0.0,0.0,0.0,0.0,4.0,SER,Polar,0.0
13.0,0.0,0.0,0.0,0.0,0.0,PHE,"Hydrophobic,H-aromatic",0.0
15.0,1.0,0.0,0.0,1.0,4.0,SER,Polar,0.0
14.0,0.0,0.0,0.0,0.0,3.0,PRO,Non-polar,0.0
14.0,0.0,0.0,0.0,1.0,3.0,PRO,Non-polar,0.0
16.0,0.0,0.0,0.0,0.0,4.0,THR,Polar,0.0
3.0,0.0,0.0,0.0,0.0,2.0,ASP,Negative,0.0
10.0,0.0,0.0,0.0,0.0,1.0,LEU,"Hydrophobic,H-non-aromatic",0.0
16.0,0.0,0.0,0.0,0.0,4.0,THR,Polar,0.0
0.0,1.0,0.0,0.0,1.0,3.0,ALA,Non-polar,0.0
2.0,0.0,0.0,0.0,0.0,4.0,ASN,Polar,0.0
6.0,1.0,0.0,0.0,1.0,2.0,GLU,Negative,0.0
10.0,0.0,0.0,0.0,0.0,1.0,LEU,"Hydrophobic,H-non-aromatic",0.0
3.0,0.0,0.0,0.0,1.0,2.0,ASP,Negative,0.0
0.0,0.0,0.0,0.0,0.0,3.0,ALA,Non-polar,0.0
10.0,0.0,0.0,0.0,1.0,1.0,LEU,"Hydrophobic,H-non-aromatic",0.0
9.0,0.0,0.0,0.0,0.0,1.0,ILE,"Hydrophobic,H-non-aromatic",0.0
2.0,0.0,0.0,0.0,0.0,4.0,ASN,Polar,0.0
0.0,0.0,0.0,0.0,0.0,3.0,ALA,Non-polar,0.0
2.0,0.0,0.0,0.0,1.0,4.0,ASN,Polar,0.0
11.0,1.0,0.0,0.0,1.0,5.0,LYS,Positive,0.0
3.0,0.0,0.0,0.0,0.0,2.0,ASP,Negative,0.0
9.0,0.0,0.0,0.0,0.0,1.0,ILE,"Hydrophobic,H-non-aromatic",0.0
12.0,0.0,0.0,0.0,0.0,1.0,MET,"Hydrophobic,H-non-aromatic",0.0
0.0,0.0,0.0,0.0,1.0,3.0,ALA,Non-polar,0.0
3.0,1.0,0.0,0.0,1.0,2.0,ASP,Negative,0.0
6.0,0.0,0.0,0.0,1.0,2.0,GLU,Negative,0.0
6.0,1.0,0.0,0.0,1.0,2.0,GLU,Negative,0.0
18.0,0.0,0.0,0.0,1.0,0.0,TYR,"Hydrophobic,H-aromatic",0.0
0.0,1.0,0.0,0.0,1.0,3.0,ALA,Non-polar,0.0
10.0,0.0,0.0,0.0,1.0,1.0,LEU,"Hydrophobic,H-non-aromatic",0.0
6.0,0.0,0.0,0.0,1.0,2.0,GLU,Negative,0.0
11.0,0.0,0.0,0.0,1.0,5.0,LYS,Positive,0.0
9.0,0.0,0.0,0.0,0.0,1.0,ILE,"Hydrophobic,H-non-aromatic",0.0
11.0,1.0,0.0,0.0,1.0,5.0,LYS,Positive,0.0
10.0,0.0,0.0,0.0,0.0,1.0,LEU,"Hydrophobic,H-non-aromatic",0.0
10.0,0.0,0.0,0.0,0.0,1.0,LEU,"Hydrophobic,H-non-aromatic",0.0
7.0,1.0,0.0,0.0,1.0,3.0,GLY,Non-polar,0.0
15.0,0.0,0.0,0.0,0.0,4.0,SER,Polar,0.0
11.0,0.0,0.0,0.0,1.0,5.0,LYS,Positive,0.0
18.0,0.0,0.0,0.0,0.0,0.0,TYR,"Hydrophobic,H-aromatic",0.0
0.0,0.0,0.0,0.0,0.0,3.0,ALA,Non-polar,0.0
19.0,0.0,0.0,0.0,0.0,3.0,VAL,Non-polar,0.0
7.0,0.0,0.0,0.0,0.0,3.0,GLY,Non-polar,0.0
0.0,0.0,0.0,0.0,0.0,3.0,ALA,Non-polar,0.0
9.0,0.0,0.0,0.0,0.0,1.0,ILE,"Hydrophobic,H-non-aromatic",0.0
1.0,1.0,0.0,0.0,1.0,5.0,ARG,Positive,0.0
13.0,0.0,0.0,0.0,0.0,0.0,PHE,"Hydrophobic,H-aromatic",0.0
9.0,0.0,0.0,0.0,0.0,1.0,ILE,"Hydrophobic,H-non-aromatic",0.0
0.0,0.0,0.0,0.0,1.0,3.0,ALA,Non-polar,0.0
7.0,0.0,0.0,0.0,0.0,3.0,GLY,Non-polar,0.0
16.0,0.0,0.0,0.0,0.0,4.0,THR,Polar,0.0
18.0,1.0,1.0,0.0,1.0,0.0,TYR,"Hydrophobic,H-aromatic",0.0
19.0,0.0,0.0,0.0,1.0,3.0,VAL,Non-polar,0.0
3.0,0.0,0.0,0.0,1.0,2.0,ASP,Negative,0.0
14.0,0.0,0.0,0.0,0.0,3.0,PRO,Non-polar,0.0
10.0,0.0,0.0,0.0,0.0,1.0,LEU,"Hydrophobic,H-non-aromatic",0.0
3.0,1.0,0.0,0.0,1.0,2.0,ASP,Negative,0.0
10.0,0.0,0.0,0.0,0.0,1.0,LEU,"Hydrophobic,H-non-aromatic",0.0
16.0,0.0,0.0,0.0,0.0,4.0,THR,Polar,0.0
19.0,0.0,0.0,0.0,0.0,3.0,VAL,Non-polar,0.0
5.0,1.0,0.0,0.0,1.0,4.0,GLN,Polar,0.0
19.0,0.0,0.0,0.0,0.0,3.0,VAL,Non-polar,0.0
5.0,0.0,0.0,0.0,1.0,4.0,GLN,Polar,0.0
7.0,0.0,0.0,0.0,0.0,3.0,GLY,Non-polar,0.0
16.0,0.0,0.0,0.0,0.0,4.0,THR,Polar,0.0
16.0,0.0,0.0,0.0,0.0,4.0,THR,Polar,0.0
9.0,0.0,0.0,0.0,0.0,1.0,ILE,"Hydrophobic,H-non-aromatic",0.0
8.0,0.0,0.0,0.0,0.0,4.0,HIS,Polar,0.0
5.0,0.0,0.0,0.0,1.0,4.0,GLN,Polar,0.0
8.0,0.0,0.0,0.0,0.0,4.0,HIS,Polar,0.0
14.0,0.0,0.0,0.0,0.0,3.0,PRO,Non-polar,0.0
0.0,0.0,0.0,0.0,0.0,3.0,ALA,Non-polar,0.0
15.0,0.0,0.0,0.0,1.0,4.0,SER,Polar,0.0
15.0,0.0,0.0,0.0,0.0,4.0,SER,Polar,0.0
1.0,0.0,0.0,0.0,1.0,5.0,ARG,Positive,0.0
1.0,0.0,0.0,0.0,0.0,5.0,ARG,Positive,0.0
18.0,0.0,0.0,0.0,1.0,0.0,TYR,"Hydrophobic,H-aromatic",0.0
10.0,1.0,1.0,1.0,1.0,1.0,LEU,"Hydrophobic,H-non-aromatic",0.0
1.0,0.0,0.0,0.0,0.0,5.0,ARG,Positive,0.0
0.0,0.0,0.0,0.0,0.0,3.0,ALA,Non-polar,0.0
18.0,0.0,0.0,0.0,1.0,0.0,TYR,"Hydrophobic,H-aromatic",0.0
19.0,0.0,0.0,0.0,0.0,3.0,VAL,Non-polar,0.0
7.0,0.0,0.0,0.0,1.0,3.0,GLY,Non-polar,0.0
10.0,0.0,0.0,0.0,1.0,1.0,LEU,"Hydrophobic,H-non-aromatic",0.0
10.0,0.0,0.0,0.0,0.0,1.0,LEU,"Hydrophobic,H-non-aromatic",0.0
11.0,0.0,0.0,0.0,1.0,5.0,LYS,Positive,0.0
7.0,0.0,0.0,0.0,0.0,3.0,GLY,Non-polar,0.0
10.0,0.0,0.0,0.0,0.0,1.0,LEU,"Hydrophobic,H-non-aromatic",0.0
17.0,0.0,0.0,0.0,1.0,0.0,TRP,"Hydrophobic,H-aromatic",0.0
10.0,0.0,0.0,0.0,0.0,1.0,LEU,"Hydrophobic,H-non-aromatic",0.0
11.0,1.0,0.0,0.0,1.0,5.0,LYS,Positive,0.0
3.0,0.0,0.0,0.0,0.0,2.0,ASP,Negative,0.0
8.0,0.0,0.0,0.0,0.0,4.0,HIS,Polar,0.0
17.0,0.0,0.0,0.0,0.0,0.0,TRP,"Hydrophobic,H-aromatic",0.0
7.0,0.0,0.0,0.0,0.0,3.0,GLY,Non-polar,0.0
16.0,0.0,0.0,0.0,0.0,4.0,THR,Polar,0.0
16.0,0.0,0.0,0.0,1.0,4.0,THR,Polar,0.0
10.0,0.0,0.0,0.0,0.0,1.0,LEU,"Hydrophobic,H-non-aromatic",0.0
2.0,0.0,0.0,0.0,1.0,4.0,ASN,Polar,0.0
3.0,0.0,0.0,0.0,1.0,2.0,ASP,Negative,0.0
9.0,0.0,0.0,0.0,0.0,1.0,ILE,"Hydrophobic,H-non-aromatic",0.0
11.0,0.0,0.0,0.0,0.0,5.0,LYS,Positive,0.0
2.0,0.0,0.0,0.0,1.0,4.0,ASN,Polar,0.0
11.0,0.0,0.0,0.0,1.0,5.0,LYS,Positive,0.0
7.0,0.0,0.0,0.0,0.0,3.0,GLY,Non-polar,0.0
0.0,0.0,0.0,0.0,0.0,3.0,ALA,Non-polar,0.0
8.0,0.0,0.0,0.0,0.0,4.0,HIS,Polar,0.0
14.0,0.0,0.0,0.0,0.0,3.0,PRO,Non-polar,0.0
9.0,0.0,0.0,0.0,0.0,1.0,ILE,"Hydrophobic,H-non-aromatic",0.0
11.0,0.0,0.0,0.0,1.0,5.0,LYS,Positive,0.0
11.0,1.0,0.0,0.0,1.0,5.0,LYS,Positive,0.0
10.0,0.0,0.0,0.0,0.0,1.0,LEU,"Hydrophobic,H-non-aromatic",0.0
7.0,0.0,0.0,0.0,1.0,3.0,GLY,Non-polar,0.0
3.0,1.0,0.0,0.0,1.0,2.0,ASP,Negative,0.0
2.0,0.0,0.0,0.0,1.0,4.0,ASN,Polar,0.0
19.0,0.0,0.0,0.0,0.0,3.0,VAL,Non-polar,0.0
5.0,0.0,0.0,0.0,0.0,4.0,GLN,Polar,0.0
13.0,0.0,0.0,0.0,0.0,0.0,PHE,"Hydrophobic,H-aromatic",0.0
7.0,0.0,0.0,0.0,1.0,3.0,GLY,Non-polar,0.0
7.0,0.0,0.0,0.0,1.0,3.0,GLY,Non-polar,0.0
5.0,0.0,0.0,0.0,1.0,4.0,GLN,Polar,0.0
11.0,0.0,0.0,0.0,1.0,5.0,LYS,Positive,0.0
15.0,0.0,0.0,0.0,1.0,4.0,SER,Polar,0.0
7.0,1.0,0.0,0.0,1.0,3.0,GLY,Non-polar,0.0
11.0,0.0,0.0,0.0,1.0,5.0,LYS,Positive,0.0
13.0,0.0,0.0,0.0,0.0,0.0,PHE,"Hydrophobic,H-aromatic",0.0
9.0,0.0,0.0,0.0,0.0,1.0,ILE,"Hydrophobic,H-non-aromatic",0.0
16.0,0.0,0.0,0.0,0.0,4.0,THR,Polar,0.0
3.0,0.0,0.0,0.0,0.0,2.0,ASP,Negative,0.0
3.0,0.0,0.0,0.0,1.0,2.0,ASP,Negative,0.0
1.0,0.0,0.0,0.0,1.0,5.0,ARG,Positive,0.0
1.0,0.0,0.0,0.0,0.0,5.0,ARG,Positive,0.0
16.0,0.0,0.0,0.0,0.0,4.0,THR,Polar,0.0
6.0,0.0,0.0,0.0,1.0,2.0,GLU,Negative,0.0
19.0,0.0,0.0,0.0,0.0,3.0,VAL,Non-polar,0.0
0.0,0.0,0.0,0.0,0.0,3.0,ALA,Non-polar,0.0
1.0,1.0,0.0,0.0,1.0,5.0,ARG,Positive,0.0
3.0,1.0,0.0,0.0,1.0,2.0,ASP,Negative,0.0
11.0,0.0,0.0,0.0,1.0,5.0,LYS,Positive,0.0
7.0,0.0,0.0,0.0,1.0,3.0,GLY,Non-polar,0.0
0.0,1.0,0.0,0.0,1.0,3.0,ALA,Non-polar,0.0
3.0,0.0,0.0,0.0,0.0,2.0,ASP,Negative,0.0
9.0,0.0,0.0,0.0,0.0,1.0,ILE,"Hydrophobic,H-non-aromatic",0.0
14.0,1.0,0.0,0.0,1.0,3.0,PRO,Non-polar,0.0
19.0,0.0,0.0,0.0,0.0,3.0,VAL,Non-polar,0.0
18.0,0.0,0.0,0.0,0.0,0.0,TYR,"Hydrophobic,H-aromatic",0.0
12.0,0.0,0.0,0.0,0.0,1.0,MET,"Hydrophobic,H-non-aromatic",0.0
0.0,0.0,0.0,0.0,0.0,3.0,ALA,Non-polar,0.0
0.0,0.0,0.0,0.0,0.0,3.0,ALA,Non-polar,0.0
10.0,0.0,0.0,0.0,0.0,1.0,LEU,"Hydrophobic,H-non-aromatic",0.0
5.0,0.0,0.0,0.0,1.0,4.0,GLN,Polar,0.0
6.0,0.0,0.0,0.0,1.0,2.0,GLU,Negative,0.0
19.0,0.0,0.0,0.0,0.0,3.0,VAL,Non-polar,0.0
11.0,1.0,0.0,0.0,1.0,5.0,LYS,Positive,0.0
2.0,0.0,0.0,0.0,0.0,4.0,ASN,Polar,0.0
0.0,0.0,0.0,0.0,0.0,3.0,ALA,Non-polar,0.0
0.0,0.0,0.0,0.0,0.0,3.0,ALA,Non-polar,0.0
9.0,0.0,0.0,0.0,0.0,1.0,ILE,"Hydrophobic,H-non-aromatic",0.0
9.0,0.0,0.0,0.0,0.0,1.0,ILE,"Hydrophobic,H-non-aromatic",0.0
6.0,1.0,0.0,0.0,1.0,2.0,GLU,Negative,0.0
0.0,0.0,0.0,0.0,1.0,3.0,ALA,Non-polar,0.0
7.0,1.0,0.0,0.0,1.0,3.0,GLY,Non-polar,0.0
15.0,0.0,0.0,0.0,0.0,4.0,SER,Polar,0.0
1.0,0.0,0.0,0.0,0.0,5.0,ARG,Positive,0.0
17.0,0.0,0.0,0.0,0.0,0.0,TRP,"Hydrophobic,H-aromatic",0.0
18.0,0.0,0.0,0.0,0.0,0.0,TYR,"Hydrophobic,H-aromatic",0.0
10.0,0.0,0.0,0.0,0.0,1.0,LEU,"Hydrophobic,H-non-aromatic",0.0
10.0,0.0,0.0,0.0,0.0,1.0,LEU,"Hydrophobic,H-non-aromatic",0.0
3.0,1.0,0.0,0.0,1.0,2.0,ASP,Negative,0.0
3.0,0.0,0.0,0.0,1.0,2.0,ASP,Negative,0.0
19.0,0.0,0.0,0.0,1.0,3.0,VAL,Non-polar,0.0
7.0,0.0,0.0,0.0,1.0,3.0,GLY,Non-polar,0.0
10.0,0.0,0.0,0.0,1.0,1.0,LEU,"Hydrophobic,H-non-aromatic",0.0
10.0,0.0,0.0,0.0,0.0,1.0,LEU,"Hydrophobic,H-non-aromatic",0.0
3.0,0.0,0.0,0.0,1.0,2.0,ASP,Negative,0.0
15.0,0.0,0.0,0.0,0.0,4.0,SER,Polar,0.0
9.0,0.0,0.0,0.0,0.0,1.0,ILE,"Hydrophobic,H-non-aromatic",0.0
7.0,0.0,0.0,0.0,1.0,3.0,GLY,Non-polar,0.0
2.0,0.0,0.0,0.0,0.0,4.0,ASN,Polar,0.0
18.0,0.0,0.0,0.0,0.0,0.0,TYR,"Hydrophobic,H-aromatic",0.0
7.0,0.0,0.0,0.0,0.0,3.0,GLY,Non-polar,0.0
14.0,0.0,0.0,0.0,1.0,3.0,PRO,Non-polar,0.0
11.0,0.0,0.0,0.0,1.0,5.0,LYS,Positive,0.0
0.0,0.0,0.0,0.0,0.0,3.0,ALA,Non-polar,0.0
7.0,0.0,0.0,0.0,0.0,3.0,GLY,Non-polar,0.0
9.0,0.0,0.0,0.0,0.0,1.0,ILE,"Hydrophobic,H-non-aromatic",0.0
8.0,0.0,0.0,0.0,1.0,4.0,HIS,Polar,0.0
7.0,1.0,0.0,0.0,1.0,3.0,GLY,Non-polar,0.0
0.0,1.0,0.0,0.0,1.0,3.0,ALA,Non-polar,0.0
18.0,0.0,0.0,0.0,0.0,0.0,TYR,"Hydrophobic,H-aromatic",0.0
3.0,1.0,0.0,0.0,1.0,2.0,ASP,Negative,0.0
18.0,0.0,0.0,0.0,1.0,0.0,TYR,"Hydrophobic,H-aromatic",0.0
19.0,0.0,0.0,0.0,0.0,3.0,VAL,Non-polar,0.0
11.0,0.0,0.0,0.0,1.0,5.0,LYS,Positive,0.0
15.0,0.0,0.0,0.0,0.0,4.0,SER,Polar,0.0
18.0,0.0,0.0,0.0,0.0,0.0,TYR,"Hydrophobic,H-aromatic",0.0
2.0,1.0,0.0,0.0,1.0,4.0,ASN,Polar,0.0
18.0,0.0,0.0,0.0,0.0,0.0,TYR,"Hydrophobic,H-aromatic",0.0
11.0,0.0,0.0,0.0,1.0,5.0,LYS,Positive,0.0
7.0,0.0,0.0,0.0,1.0,3.0,GLY,Non-polar,0.0
9.0,0.0,0.0,0.0,0.0,1.0,ILE,"Hydrophobic,H-non-aromatic",0.0
5.0,0.0,0.0,0.0,1.0,4.0,GLN,Polar,0.0
5.0,0.0,0.0,0.0,1.0,4.0,GLN,Polar,0.0
7.0,0.0,0.0,0.0,1.0,3.0,GLY,Non-polar,0.0
10.0,0.0,0.0,0.0,1.0,1.0,LEU,"Hydrophobic,H-non-aromatic",0.0
18.0,0.0,0.0,0.0,0.0,0.0,TYR,"Hydrophobic,H-aromatic",0.0
1.0,0.0,0.0,0.0,1.0,5.0,ARG,Positive,0.0
18.0,0.0,0.0,0.0,1.0,0.0,TYR,"Hydrophobic,H-aromatic",0.0
11.0,0.0,0.0,0.0,1.0,5.0,LYS,Positive,0.0
3.0,0.0,0.0,0.0,0.0,2.0,ASP,Negative,0.0
15.0,0.0,0.0,0.0,1.0,4.0,SER,Polar,0.0
3.0,0.0,0.0,0.0,1.0,2.0,ASP,Negative,0.0
16.0,0.0,0.0,0.0,0.0,4.0,THR,Polar,0.0
6.0,1.0,0.0,0.0,1.0,2.0,GLU,Negative,0.0
11.0,1.0,0.0,0.0,1.0,5.0,LYS,Positive,0.0
1.0,0.0,0.0,0.0,1.0,5.0,ARG,Positive,0.0
7.0,0.0,0.0,0.0,0.0,3.0,GLY,Non-polar,0.0
11.0,0.0,0.0,0.0,1.0,5.0,LYS,Positive,0.0
3.0,1.0,0.0,0.0,1.0,2.0,ASP,Negative,0.0
11.0,1.0,0.0,0.0,1.0,5.0,LYS,Positive,0.0
19.0,0.0,0.0,0.0,0.0,3.0,VAL,Non-polar,0.0
5.0,0.0,0.0,0.0,0.0,4.0,GLN,Polar,0.0
16.0,0.0,0.0,0.0,0.0,4.0,THR,Polar,0.0
3.0,0.0,0.0,0.0,1.0,2.0,ASP,Negative,0.0
15.0,0.0,0.0,0.0,0.0,4.0,SER,Polar,0.0
0.0,0.0,0.0,0.0,0.0,3.0,ALA,Non-polar,0.0
16.0,0.0,0.0,0.0,0.0,4.0,THR,Polar,0.0
0.0,0.0,0.0,0.0,1.0,3.0,ALA,Non-polar,0.0
3.0,0.0,0.0,0.0,0.0,2.0,ASP,Negative,0.0
19.0,0.0,0.0,0.0,0.0,3.0,VAL,Non-polar,0.0
3.0,0.0,0.0,0.0,1.0,2.0,ASP,Negative,0.0
2.0,0.0,0.0,0.0,0.0,4.0,ASN,Polar,0.0
16.0,0.0,0.0,0.0,1.0,4.0,THR,Polar,0.0
7.0,0.0,0.0,0.0,0.0,3.0,GLY,Non-polar,0.0
11.0,1.0,0.0,0.0,1.0,5.0,LYS,Positive,0.0
16.0,0.0,0.0,0.0,1.0,4.0,THR,Polar,0.0
16.0,0.0,0.0,0.0,1.0,4.0,THR,Polar,0.0
5.0,0.0,0.0,0.0,1.0,4.0,GLN,Polar,0.0
4.0,0.0,0.0,0.0,0.0,1.0,CYS,"Hydrophobic,H-non-aromatic",0.0
3.0,0.0,0.0,0.0,1.0,2.0,ASP,Negative,0.0
3.0,0.0,0.0,0.0,1.0,2.0,ASP,Negative,0.0
15.0,1.0,0.0,0.0,1.0,4.0,SER,Polar,0.0
7.0,0.0,0.0,0.0,0.0,3.0,GLY,Non-polar,0.0
17.0,0.0,0.0,0.0,0.0,0.0,TRP,"Hydrophobic,H-aromatic",0.0
0.0,0.0,0.0,0.0,0.0,3.0,ALA,Non-polar,0.0
7.0,0.0,0.0,0.0,0.0,3.0,GLY,Non-polar,0.0
10.0,0.0,0.0,0.0,1.0,1.0,LEU,"Hydrophobic,H-non-aromatic",0.0
11.0,0.0,0.0,0.0,1.0,5.0,LYS,Positive,0.0
10.0,0.0,0.0,0.0,1.0,1.0,LEU,"Hydrophobic,H-non-aromatic",0.0
19.0,0.0,0.0,0.0,0.0,3.0,VAL,Non-polar,0.0
16.0,1.0,0.0,0.0,1.0,4.0,THR,Polar,0.0
14.0,0.0,0.0,0.0,1.0,3.0,PRO,Non-polar,0.0
19.0,0.0,0.0,0.0,0.0,3.0,VAL,Non-polar,0.0
19.0,0.0,0.0,0.0,0.0,3.0,VAL,Non-polar,0.0
7.0,0.0,0.0,0.0,0.0,3.0,GLY,Non-polar,0.0
19.0,1.0,0.0,0.0,1.0,3.0,VAL,Non-polar,0.0
3.0,0.0,0.0,0.0,1.0,2.0,ASP,Negative,0.0
0.0,1.0,0.0,0.0,1.0,3.0,ALA,Non-polar,0.0
3.0,1.0,0.0,0.0,1.0,2.0,ASP,Negative,0.0
10.0,0.0,0.0,0.0,0.0,1.0,LEU,"Hydrophobic,H-non-aromatic",0.0
9.0,0.0,0.0,0.0,0.0,1.0,ILE,"Hydrophobic,H-non-aromatic",0.0
13.0,0.0,0.0,0.0,0.0,0.0,PHE,"Hydrophobic,H-aromatic",0.0
18.0,0.0,0.0,0.0,0.0,0.0,TYR,"Hydrophobic,H-aromatic",0.0
2.0,1.0,0.0,0.0,1.0,4.0,ASN,Polar,0.0
3.0,0.0,0.0,0.0,0.0,2.0,ASP,Negative,0.0
6.0,0.0,0.0,0.0,1.0,2.0,GLU,Negative,0.0
3.0,0.0,0.0,0.0,0.0,2.0,ASP,Negative,0.0
3.0,1.0,0.0,0.0,1.0,2.0,ASP,Negative,0.0
9.0,0.0,0.0,0.0,1.0,1.0,ILE,"Hydrophobic,H-non-aromatic",0.0
18.0,0.0,0.0,0.0,1.0,0.0,TYR,"Hydrophobic,H-aromatic",0.0
16.0,0.0,0.0,0.0,0.0,4.0,THR,Polar,0.0
2.0,0.0,0.0,0.0,0.0,4.0,ASN,Polar,0.0
15.0,0.0,0.0,0.0,0.0,4.0,SER,Polar,0.0
10.0,0.0,0.0,0.0,0.0,1.0,LEU,"Hydrophobic,H-non-aromatic",0.0
19.0,0.0,0.0,0.0,0.0,3.0,VAL,Non-polar,0.0
1.0,0.0,0.0,0.0,1.0,5.0,ARG,Positive,0.0
14.0,1.0,0.0,0.0,1.0,3.0,PRO,Non-polar,0.0
17.0,0.0,0.0,0.0,1.0,0.0,TRP,"Hydrophobic,H-aromatic",0.0
10.0,0.0,0.0,0.0,0.0,1.0,LEU,"Hydrophobic,H-non-aromatic",0.0
2.0,0.0,0.0,0.0,0.0,4.0,ASN,Polar,0.0
19.0,0.0,0.0,0.0,0.0,3.0,VAL,Non-polar,0.0
8.0,0.0,0.0,0.0,1.0,4.0,HIS,Polar,0.0
11.0,0.0,0.0,0.0,1.0,5.0,LYS,Positive,0.0
3.0,1.0,0.0,0.0,1.0,2.0,ASP,Negative,0.0
7.0,0.0,0.0,0.0,1.0,3.0,GLY,Non-polar,0.0
4.0,0.0,0.0,0.0,0.0,1.0,CYS,"Hydrophobic,H-non-aromatic",0.0
3.0,0.0,0.0,0.0,0.0,2.0,ASP,Negative,0.0
18.0,0.0,0.0,0.0,0.0,0.0,TYR,"Hydrophobic,H-aromatic",1.0
5.0,0.0,0.0,0.0,0.0,4.0,GLN,Polar,0.0
0.0,0.0,0.0,0.0,0.0,3.0,ALA,Non-polar,0.0
9.0,0.0,0.0,0.0,0.0,1.0,ILE,"Hydrophobic,H-non-aromatic",0.0
5.0,0.0,0.0,0.0,0.0,4.0,GLN,Polar,0.0
10.0,0.0,0.0,0.0,0.0,1.0,LEU,"Hydrophobic,H-non-aromatic",0.0
16.0,0.0,0.0,0.0,0.0,4.0,THR,Polar,0.0
11.0,1.0,0.0,0.0,1.0,5.0,LYS,Positive,0.0
16.0,0.0,0.0,0.0,0.0,4.0,THR,Polar,0.0
16.0,0.0,0.0,0.0,0.0,4.0,THR,Polar,0.0
1.0,0.0,0.0,0.0,1.0,5.0,ARG,Positive,0.0
19.0,0.0,0.0,0.0,0.0,3.0,VAL,Non-polar,0.0
15.0,0.0,0.0,0.0,0.0,4.0,SER,Polar,0.0
1.0,0.0,0.0,0.0,1.0,5.0,ARG,Positive,0.0
16.0,1.0,0.0,0.0,1.0,4.0,THR,Polar,0.0
3.0,0.0,0.0,0.0,1.0,2.0,ASP,Negative,0.0
6.0,0.0,0.0,0.0,1.0,2.0,GLU,Negative,0.0
3.0,1.0,0.0,0.0,1.0,2.0,ASP,Negative,0.0
15.0,0.0,0.0,0.0,0.0,4.0,SER,Polar,0.0
5.0,0.0,0.0,0.0,0.0,4.0,GLN,Polar,0.0
8.0,0.0,0.0,0.0,0.0,4.0,HIS,Polar,0.0
7.0,0.0,0.0,0.0,0.0,3.0,GLY,Non-polar,0.0
0.0,0.0,0.0,0.0,0.0,3.0,ALA,Non-polar,0.0
0.0,0.0,0.0,0.0,0.0,3.0,ALA,Non-polar,0.0
9.0,0.0,0.0,0.0,0.0,1.0,ILE,"Hydrophobic,H-non-aromatic",0.0
16.0,0.0,0.0,0.0,1.0,4.0,THR,Polar,0.0
7.0,0.0,0.0,0.0,0.0,3.0,GLY,Non-polar,0.0
1.0,1.0,0.0,0.0,1.0,5.0,ARG,Positive,0.0
10.0,0.0,0.0,0.0,1.0,1.0,LEU,"Hydrophobic,H-non-aromatic",0.0
14.0,0.0,0.0,0.0,0.0,3.0,PRO,Non-polar,0.0
10.0,0.0,0.0,0.0,0.0,1.0,LEU,"Hydrophobic,H-non-aromatic",0.0
14.0,0.0,0.0,0.0,0.0,3.0,PRO,Non-polar,0.0
1.0,0.0,0.0,0.0,0.0,5.0,ARG,Positive,0.0
0.0,0.0,0.0,0.0,0.0,3.0,ALA,Non-polar,0.0
2.0,1.0,0.0,0.0,1.0,4.0,ASN,Polar,0.0
15.0,0.0,0.0,0.0,0.0,4.0,SER,Polar,1.0
11.0,0.0,0.0,0.0,1.0,5.0,LYS,Positive,0.0
6.0,1.0,0.0,0.0,1.0,2.0,GLU,Negative,0.0
0.0,0.0,0.0,0.0,1.0,3.0,ALA,Non-polar,0.0
9.0,0.0,0.0,0.0,0.0,1.0,ILE,"Hydrophobic,H-non-aromatic",0.0
14.0,1.0,0.0,0.0,1.0,3.0,PRO,Non-polar,0.0
9.0,0.0,0.0,0.0,0.0,1.0,ILE,"Hydrophobic,H-non-aromatic",0.0
18.0,0.0,0.0,0.0,1.0,0.0,TYR,"Hydrophobic,H-aromatic",0.0
16.0,0.0,0.0,0.0,1.0,4.0,THR,Polar,0.0
19.0,0.0,0.0,0.0,0.0,3.0,VAL,Non-polar,0.0
18.0,0.0,0.0,0.0,1.0,0.0,TYR,"Hydrophobic,H-aromatic",0.0
6.0,1.0,0.0,0.0,1.0,2.0,GLU,Negative,0.0
1.0,0.0,0.0,0.0,1.0,5.0,ARG,Positive,0.0
18.0,0.0,0.0,0.0,0.0,0.0,TYR,"Hydrophobic,H-aromatic",0.0
3.0,0.0,0.0,0.0,1.0,2.0,ASP,Negative,0.0
10.0,0.0,0.0,0.0,1.0,1.0,LEU,"Hydrophobic,H-non-aromatic",0.0
16.0,1.0,0.0,0.0,1.0,4.0,THR,Polar,0.0
16.0,0.0,0.0,0.0,1.0,4.0,THR,Polar,0.0
3.0,1.0,0.0,0.0,1.0,2.0,ASP,Negative,0.0
5.0,0.0,0.0,0.0,0.0,4.0,GLN,Polar,0.0
3.0,0.0,0.0,0.0,1.0,2.0,ASP,Negative,0.0
7.0,1.0,0.0,0.0,1.0,3.0,GLY,Non-polar,0.0
5.0,1.0,0.0,0.0,1.0,4.0,GLN,Polar,0.0
14.0,0.0,0.0,0.0,1.0,3.0,PRO,Non-polar,0.0
11.0,1.0,0.0,0.0,1.0,5.0,LYS,Positive,0.0
11.0,0.0,0.0,0.0,1.0,5.0,LYS,Positive,0.0
7.0,0.0,0.0,0.0,0.0,3.0,GLY,Non-polar,0.0
12.0,0.0,0.0,0.0,0.0,1.0,MET,"Hydrophobic,H-non-aromatic",0.0
1.0,0.0,0.0,0.0,1.0,5.0,ARG,Positive,0.0
19.0,0.0,0.0,0.0,0.0,3.0,VAL,Non-polar,0.0
7.0,0.0,0.0,0.0,0.0,3.0,GLY,Non-polar,0.0
3.0,0.0,0.0,0.0,1.0,2.0,ASP,Negative,0.0
4.0,0.0,0.0,0.0,0.0,1.0,CYS,"Hydrophobic,H-non-aromatic",0.0
15.0,0.0,0.0,0.0,0.0,4.0,SER,Polar,0.0
7.0,1.0,0.0,0.0,1.0,3.0,GLY,Non-polar,0.0
17.0,0.0,0.0,0.0,0.0,0.0,TRP,"Hydrophobic,H-aromatic",0.0
9.0,0.0,0.0,0.0,0.0,1.0,ILE,"Hydrophobic,H-non-aromatic",0.0
18.0,0.0,0.0,0.0,1.0,0.0,TYR,"Hydrophobic,H-aromatic",0.0
9.0,0.0,0.0,0.0,0.0,1.0,ILE,"Hydrophobic,H-non-aromatic",0.0
0.0,0.0,0.0,0.0,0.0,3.0,ALA,Non-polar,0.0
8.0,0.0,0.0,0.0,0.0,4.0,HIS,Polar,0.0
3.0,0.0,0.0,0.0,0.0,2.0,ASP,Negative,0.0
10.0,0.0,0.0,0.0,0.0,1.0,LEU,"Hydrophobic,H-non-aromatic",0.0
0.0,0.0,0.0,0.0,0.0,3.0,ALA,Non-polar,0.0
15.0,0.0,0.0,0.0,0.0,4.0,SER,Polar,0.0
10.0,0.0,0.0,0.0,1.0,1.0,LEU,"Hydrophobic,H-non-aromatic",0.0
19.0,0.0,0.0,0.0,0.0,3.0,VAL,Non-polar,0.0
15.0,0.0,0.0,0.0,1.0,4.0,SER,Polar,0.0
13.0,0.0,0.0,0.0,1.0,0.0,PHE,"Hydrophobic,H-aromatic",0.0
19.0,0.0,0.0,0.0,0.0,3.0,VAL,Non-polar,0.0
1.0,0.0,0.0,0.0,1.0,5.0,ARG,Positive,0.0
2.0,1.0,0.0,0.0,1.0,4.0,ASN,Polar,0.0
8.0,0.0,0.0,0.0,0.0,4.0,HIS,Polar,0.0
16.0,0.0,0.0,0.0,0.0,4.0,THR,Polar,0.0
10.0,0.0,0.0,0.0,0.0,1.0,LEU,"Hydrophobic,H-non-aromatic",0.0
11.0,1.0,0.0,0.0,1.0,5.0,LYS,Positive,0.0
8.0,0.0,0.0,0.0,1.0,4.0,HIS,Polar,0.0
19.0,1.0,0.0,0.0,1.0,3.0,VAL,Non-polar,0.0
15.0,0.0,0.0,0.0,0.0,4.0,SER,Polar,0.0
0.0,0.0,0.0,0.0,0.0,3.0,ALA,Non-polar,0.0
16.0,1.0,0.0,0.0,1.0,4.0,THR,Polar,1.0
11.0,0.0,0.0,0.0,1.0,5.0,LYS,Positive,0.0
9.0,0.0,0.0,0.0,0.0,1.0,ILE,"Hydrophobic,H-non-aromatic",0.0
16.0,0.0,0.0,0.0,0.0,4.0,THR,Polar,0.0
15.0,0.0,0.0,0.0,1.0,4.0,SER,Polar,0.0
10.0,0.0,0.0,0.0,0.0,1.0,LEU,"Hydrophobic,H-non-aromatic",0.0
10.0,1.0,0.0,0.0,1.0,1.0,LEU,"Hydrophobic,H-non-aromatic",0.0
18.0,0.0,0.0,0.0,0.0,0.0,TYR,"Hydrophobic,H-aromatic",0.0
0.0,1.0,0.0,0.0,1.0,3.0,ALA,Non-polar,0.0
11.0,0.0,0.0,0.0,1.0,5.0,LYS,Positive,0.0
0.0,0.0,0.0,0.0,0.0,3.0,ALA,Non-polar,0.0
7.0,1.0,0.0,0.0,1.0,3.0,GLY,Non-polar,0.0
6.0,1.0,0.0,0.0,1.0,2.0,GLU,Negative,0.0
2.0,1.0,0.0,0.0,1.0,4.0,ASN,Polar,0.0
15.0,0.0,0.0,0.0,0.0,4.0,SER,Polar,0.0
9.0,0.0,0.0,0.0,0.0,1.0,ILE,"Hydrophobic,H-non-aromatic",0.0
2.0,0.0,0.0,0.0,0.0,4.0,ASN,Polar,0.0
6.0,0.0,0.0,0.0,0.0,2.0,GLU,Negative,0.0
19.0,0.0,0.0,0.0,1.0,3.0,VAL,Non-polar,0.0
19.0,0.0,0.0,0.0,0.0,3.0,VAL,Non-polar,0.0
3.0,0.0,0.0,0.0,0.0,2.0,ASP,Negative,0.0
8.0,0.0,0.0,0.0,1.0,4.0,HIS,Polar,0.0
19.0,0.0,0.0,0.0,1.0,3.0,VAL,Non-polar,0.0
16.0,0.0,0.0,0.0,1.0,4.0,THR,Polar,0.0
0.0,0.0,0.0,0.0,0.0,3.0,ALA,Non-polar,0.0
13.0,1.0,1.0,0.0,1.0,0.0,PHE,"Hydrophobic,H-aromatic",0.0
3.0,1.0,0.0,0.0,1.0,2.0,ASP,Negative,0.0
5.0,1.0,0.0,0.0,1.0,4.0,GLN,Polar,0.0
17.0,0.0,0.0,0.0,1.0,0.0,TRP,"Hydrophobic,H-aromatic",0.0
14.0,1.0,0.0,0.0,1.0,3.0,PRO,Non-polar,0.0
14.0,1.0,0.0,0.0,1.0,3.0,PRO,Non-polar,0.0
6.0,1.0,0.0,0.0,1.0,2.0,GLU,Negative,0.0
10.0,0.0,0.0,0.0,1.0,1.0,LEU,"Hydrophobic,H-non-aromatic",0.0
13.0,0.0,0.0,0.0,0.0,0.0,PHE,"Hydrophobic,H-aromatic",0.0
10.0,0.0,0.0,0.0,0.0,1.0,LEU,"Hydrophobic,H-non-aromatic",0.0
10.0,0.0,0.0,0.0,0.0,1.0,LEU,"Hydrophobic,H-non-aromatic",0.0
0.0,0.0,0.0,0.0,0.0,3.0,ALA,Non-polar,0.0
0.0,0.0,0.0,0.0,1.0,3.0,ALA,Non-polar,0.0
2.0,0.0,0.0,0.0,1.0,4.0,ASN,Polar,0.0
15.0,1.0,0.0,0.0,1.0,4.0,SER,Polar,0.0
6.0,0.0,0.0,0.0,1.0,2.0,GLU,Negative,0.0
10.0,0.0,0.0,0.0,0.0,1.0,LEU,"Hydrophobic,H-non-aromatic",0.0
3.0,1.0,0.0,0.0,1.0,2.0,ASP,Negative,0.0
13.0,0.0,0.0,0.0,0.0,0.0,PHE,"Hydrophobic,H-aromatic",0.0
0.0,1.0,0.0,0.0,1.0,3.0,ALA,Non-polar,0.0
3.0,0.0,0.0,0.0,1.0,2.0,ASP,Negative,0.0
19.0,0.0,0.0,0.0,0.0,3.0,VAL,Non-polar,0.0
5.0,1.0,0.0,0.0,1.0,4.0,GLN,Polar,0.0
3.0,0.0,0.0,0.0,0.0,2.0,ASP,Negative,0.0
16.0,0.0,0.0,0.0,1.0,4.0,THR,Polar,0.0
17.0,0.0,0.0,0.0,0.0,0.0,TRP,"Hydrophobic,H-aromatic",0.0
10.0,0.0,0.0,0.0,0.0,1.0,LEU,"Hydrophobic,H-non-aromatic",0.0
8.0,0.0,0.0,0.0,1.0,4.0,HIS,Polar,0.0
11.0,1.0,0.0,0.0,1.0,5.0,LYS,Positive,0.0
2.0,0.0,0.0,0.0,0.0,4.0,ASN,Polar,0.0
9.0,0.0,0.0,0.0,0.0,1.0,ILE,"Hydrophobic,H-non-aromatic",0.0
7.0,1.0,0.0,0.0,1.0,3.0,GLY,Non-polar,0.0
14.0,1.0,0.0,0.0,1.0,3.0,PRO,Non-polar,0.0
10.0,0.0,0.0,0.0,1.0,1.0,LEU,"Hydrophobic,H-non-aromatic",0.0
1.0,0.0,0.0,0.0,0.0,5.0,ARG,Positive,0.0
2.0,0.0,0.0,0.0,1.0,4.0,ASN,Polar,0.0
2.0,0.0,0.0,0.0,0.0,4.0,ASN,Polar,0.0
11.0,0.0,0.0,0.0,0.0,5.0,LYS,Positive,0.0
3.0,1.0,0.0,0.0,1.0,2.0,ASP,Negative,0.0
10.0,0.0,0.0,0.0,0.0,1.0,LEU,"Hydrophobic,H-non-aromatic",0.0
10.0,0.0,0.0,0.0,0.0,1.0,LEU,"Hydrophobic,H-non-aromatic",0.0
3.0,0.0,0.0,0.0,0.0,2.0,ASP,Negative,0.0
19.0,0.0,0.0,0.0,0.0,3.0,VAL,Non-polar,0.0
10.0,0.0,0.0,0.0,1.0,1.0,LEU,"Hydrophobic,H-non-aromatic",0.0
18.0,1.0,1.0,0.0,1.0,0.0,TYR,"Hydrophobic,H-aromatic",0.0
6.0,0.0,0.0,0.0,0.0,2.0,GLU,Negative,0.0
11.0,0.0,0.0,0.0,1.0,5.0,LYS,Positive,0.0
3.0,0.0,0.0,0.0,0.0,2.0,ASP,Negative,0.0
3.0,0.0,0.0,0.0,0.0,2.0,ASP,Negative,0.0
16.0,0.0,0.0,0.0,0.0,4.0,THR,Polar,0.0
16.0,0.0,0.0,0.0,0.0,4.0,THR,Polar,0.0
6.0,0.0,0.0,0.0,0.0,2.0,GLU,Negative,0.0
16.0,0.0,0.0,0.0,0.0,4.0,THR,Polar,0.0
3.0,0.0,0.0,0.0,0.0,2.0,ASP,Negative,0.0
11.0,1.0,0.0,0.0,1.0,5.0,LYS,Positive,0.0
6.0,0.0,0.0,0.0,1.0,2.0,GLU,Negative,0.0
0.0,0.0,0.0,0.0,1.0,3.0,ALA,Non-polar,0.0
10.0,0.0,0.0,0.0,0.0,1.0,LEU,"Hydrophobic,H-non-aromatic",0.0
19.0,0.0,0.0,0.0,0.0,3.0,VAL,Non-polar,0.0
17.0,0.0,0.0,0.0,0.0,0.0,TRP,"Hydrophobic,H-aromatic",0.0
16.0,0.0,0.0,0.0,0.0,4.0,THR,Polar,0.0
6.0,0.0,0.0,0.0,1.0,2.0,GLU,Negative,0.0
2.0,0.0,0.0,0.0,0.0,4.0,ASN,Polar,0.0
10.0,0.0,0.0,0.0,0.0,1.0,LEU,"Hydrophobic,H-non-aromatic",0.0
10.0,0.0,0.0,0.0,0.0,1.0,LEU,"Hydrophobic,H-non-aromatic",0.0
15.0,0.0,0.0,0.0,1.0,4.0,SER,Polar,0.0
14.0,0.0,0.0,0.0,1.0,3.0,PRO,Non-polar,0.0
0.0,0.0,0.0,0.0,1.0,3.0,ALA,Non-polar,0.0
11.0,0.0,0.0,0.0,1.0,5.0,LYS,Positive,0.0
10.0,0.0,0.0,0.0,1.0,1.0,LEU,"Hydrophobic,H-non-aromatic",0.0
11.0,0.0,0.0,0.0,0.0,5.0,LYS,Positive,0.0
4.0,1.0,1.0,0.0,1.0,1.0,CYS,"Hydrophobic,H-non-aromatic",0.0
9.0,0.0,0.0,0.0,0.0,1.0,ILE,"Hydrophobic,H-non-aromatic",0.0
15.0,1.0,0.0,0.0,1.0,4.0,SER,Polar,0.0
16.0,1.0,0.0,0.0,1.0,4.0,THR,Polar,0.0
10.0,0.0,0.0,0.0,0.0,1.0,LEU,"Hydrophobic,H-non-aromatic",0.0
6.0,1.0,0.0,0.0,1.0,2.0,GLU,Negative,0.0
5.0,0.0,0.0,0.0,0.0,4.0,GLN,Polar,0.0
10.0,0.0,0.0,0.0,0.0,1.0,LEU,"Hydrophobic,H-non-aromatic",0.0
3.0,1.0,0.0,0.0,0.0,2.0,ASP,Negative,0.0
3.0,0.0,0.0,0.0,0.0,2.0,ASP,Negative,0.0
1.0,0.0,0.0,0.0,1.0,5.0,ARG,Positive,0.0
16.0,0.0,0.0,0.0,0.0,4.0,THR,Polar,0.0
3.0,0.0,0.0,0.0,0.0,2.0,ASP,Negative,0.0
13.0,0.0,0.0,0.0,1.0,0.0,PHE,"Hydrophobic,H-aromatic",0.0
15.0,0.0,0.0,0.0,0.0,4.0,SER,Polar,0.0
12.0,0.0,0.0,0.0,1.0,1.0,MET,"Hydrophobic,H-non-aromatic",1.0
19.0,0.0,0.0,0.0,1.0,3.0,VAL,Non-polar,0.0
2.0,1.0,0.0,0.0,1.0,4.0,ASN,Polar,0.0
17.0,0.0,0.0,0.0,1.0,0.0,TRP,"Hydrophobic,H-aromatic",0.0
19.0,0.0,0.0,0.0,0.0,3.0,VAL,Non-polar,0.0
13.0,0.0,0.0,0.0,1.0,0.0,PHE,"Hydrophobic,H-aromatic",0.0
17.0,0.0,0.0,0.0,0.0,0.0,TRP,"Hydrophobic,H-aromatic",0.0
18.0,0.0,0.0,0.0,0.0,0.0,TYR,"Hydrophobic,H-aromatic",0.0
0.0,0.0,0.0,0.0,0.0,3.0,ALA,Non-polar,0.0
10.0,0.0,0.0,0.0,1.0,1.0,LEU,"Hydrophobic,H-non-aromatic",0.0
3.0,1.0,0.0,0.0,1.0,2.0,ASP,Negative,0.0
18.0,1.0,0.0,0.0,1.0,0.0,TYR,"Hydrophobic,H-aromatic",0.0
3.0,1.0,0.0,0.0,1.0,2.0,ASP,Negative,0.0
0.0,1.0,0.0,0.0,1.0,3.0,ALA,Non-polar,0.0
0.0,0.0,0.0,0.0,0.0,3.0,ALA,Non-polar,0.0
16.0,0.0,0.0,0.0,0.0,4.0,THR,Polar,0.0
13.0,1.0,1.0,0.0,1.0,0.0,PHE,"Hydrophobic,H-aromatic",0.0
15.0,0.0,0.0,0.0,0.0,4.0,SER,Polar,0.0
11.0,0.0,0.0,0.0,1.0,5.0,LYS,Positive,0.0
14.0,0.0,0.0,0.0,1.0,3.0,PRO,Non-polar,0.0
18.0,0.0,0.0,0.0,0.0,0.0,TYR,"Hydrophobic,H-aromatic",0.0
3.0,1.0,0.0,0.0,1.0,2.0,ASP,Negative,0.0
11.0,0.0,0.0,0.0,0.0,5.0,LYS,Positive,0.0
19.0,0.0,0.0,0.0,0.0,3.0,VAL,Non-polar,0.0
15.0,0.0,0.0,0.0,0.0,4.0,SER,Polar,0.0
14.0,1.0,0.0,0.0,1.0,3.0,PRO,Non-polar,0.0
5.0,1.0,0.0,0.0,1.0,4.0,GLN,Polar,0.0
19.0,0.0,0.0,0.0,0.0,3.0,VAL,Non-polar,0.0
16.0,0.0,0.0,0.0,0.0,4.0,THR,Polar,0.0
19.0,0.0,0.0,0.0,0.0,3.0,VAL,Non-polar,0.0
13.0,0.0,0.0,0.0,0.0,0.0,PHE,"Hydrophobic,H-aromatic",0.0
0.0,0.0,0.0,0.0,0.0,3.0,ALA,Non-polar,0.0
11.0,0.0,0.0,0.0,0.0,5.0,LYS,Positive,0.0
18.0,1.0,0.0,0.0,1.0,0.0,TYR,"Hydrophobic,H-aromatic",0.0
11.0,0.0,0.0,0.0,0.0,5.0,LYS,Positive,0.0
0.0,1.0,0.0,0.0,1.0,3.0,ALA,Non-polar,0.0
13.0,0.0,0.0,0.0,0.0,0.0,PHE,"Hydrophobic,H-aromatic",0.0
7.0,0.0,0.0,0.0,0.0,3.0,GLY,Non-polar,0.0
6.0,0.0,0.0,0.0,1.0,2.0,GLU,Negative,0.0
11.0,1.0,0.0,0.0,1.0,5.0,LYS,Positive,0.0
8.0,0.0,0.0,0.0,0.0,4.0,HIS,Polar,0.0
0.0,1.0,0.0,0.0,1.0,3.0,ALA,Non-polar,0.0
2.0,1.0,0.0,0.0,1.0,4.0,ASN,Polar,0.0
0.0,0.0,0.0,0.0,0.0,3.0,ALA,Non-polar,0.0
2.0,1.0,0.0,0.0,1.0,4.0,ASN,Polar,0.0
19.0,0.0,0.0,0.0,1.0,3.0,VAL,Non-polar,0.0
7.0,0.0,0.0,0.0,1.0,3.0,GLY,Non-polar,0.0
18.0,0.0,0.0,0.0,1.0,0.0,TYR,"Hydrophobic,H-aromatic",0.0
18.0,0.0,0.0,0.0,0.0,0.0,TYR,"Hydrophobic,H-aromatic",0.0
16.0,1.0,0.0,0.0,1.0,4.0,THR,Polar,0.0
16.0,0.0,0.0,0.0,0.0,4.0,THR,Polar,0.0
3.0,1.0,0.0,0.0,1.0,2.0,ASP,Negative,0.0
6.0,0.0,0.0,0.0,0.0,2.0,GLU,Negative,0.0
6.0,1.0,0.0,0.0,1.0,2.0,GLU,Negative,0.0
7.0,0.0,0.0,0.0,1.0,3.0,GLY,Non-polar,0.0
3.0,1.0,0.0,0.0,1.0,2.0,ASP,Negative,0.0
6.0,1.0,0.0,0.0,1.0,2.0,GLU,Negative,0.0
18.0,0.0,0.0,0.0,1.0,0.0,TYR,"Hydrophobic,H-aromatic",0.0
16.0,0.0,0.0,0.0,0.0,4.0,THR,Polar,0.0
19.0,0.0,0.0,0.0,0.0,3.0,VAL,Non-polar,0.0
10.0,0.0,0.0,0.0,0.0,1.0,LEU,"Hydrophobic,H-non-aromatic",0.0
19.0,0.0,0.0,0.0,0.0,3.0,VAL,Non-polar,0.0
19.0,0.0,0.0,0.0,0.0,3.0,VAL,Non-polar,0.0
14.0,1.0,0.0,0.0,1.0,3.0,PRO,Non-polar,0.0
0.0,1.0,0.0,0.0,1.0,3.0,ALA,Non-polar,0.0
10.0,0.0,0.0,0.0,1.0,1.0,LEU,"Hydrophobic,H-non-aromatic",0.0
0.0,1.0,0.0,0.0,1.0,3.0,ALA,Non-polar,0.0
14.0,1.0,0.0,0.0,0.0,3.0,PRO,Non-polar,0.0
1.0,0.0,0.0,0.0,0.0,5.0,ARG,Positive,0.0
19.0,0.0,0.0,0.0,0.0,3.0,VAL,Non-polar,0.0
0.0,0.0,0.0,0.0,1.0,3.0,ALA,Non-polar,0.0
0.0,0.0,0.0,0.0,0.0,3.0,ALA,Non-polar,0.0
16.0,0.0,0.0,0.0,0.0,4.0,THR,Polar,0.0
15.0,0.0,0.0,0.0,1.0,4.0,SER,Polar,0.0
7.0,0.0,0.0,0.0,0.0,3.0,GLY,Non-polar,0.0
5.0,0.0,0.0,0.0,0.0,4.0,GLN,Polar,0.0
6.0,0.0,0.0,0.0,0.0,2.0,GLU,Negative,0.0
18.0,0.0,0.0,0.0,1.0,0.0,TYR,"Hydrophobic,H-aromatic",0.0
9.0,0.0,0.0,0.0,0.0,1.0,ILE,"Hydrophobic,H-non-aromatic",0.0
11.0,0.0,0.0,0.0,1.0,5.0,LYS,Positive,0.0
7.0,0.0,0.0,0.0,1.0,3.0,GLY,Non-polar,0.0
10.0,0.0,0.0,0.0,0.0,1.0,LEU,"Hydrophobic,H-non-aromatic",0.0
9.0,0.0,0.0,0.0,0.0,1.0,ILE,"Hydrophobic,H-non-aromatic",0.0
6.0,1.0,0.0,0.0,1.0,2.0,GLU,Negative,0.0
5.0,0.0,0.0,0.0,0.0,4.0,GLN,Polar,0.0
10.0,0.0,0.0,0.0,0.0,1.0,LEU,"Hydrophobic,H-non-aromatic",0.0
12.0,0.0,0.0,0.0,0.0,1.0,MET,"Hydrophobic,H-non-aromatic",0.0
0.0,0.0,0.0,0.0,0.0,3.0,ALA,Non-polar,0.0
10.0,0.0,0.0,0.0,0.0,1.0,LEU,"Hydrophobic,H-non-aromatic",0.0
8.0,0.0,0.0,0.0,0.0,4.0,HIS,Polar,0.0
13.0,0.0,0.0,0.0,0.0,0.0,PHE,"Hydrophobic,H-aromatic",0.0
19.0,0.0,0.0,0.0,1.0,3.0,VAL,Non-polar,0.0
15.0,0.0,0.0,0.0,0.0,4.0,SER,Polar,0.0
18.0,0.0,0.0,0.0,0.0,0.0,TYR,"Hydrophobic,H-aromatic",0.0
16.0,1.0,0.0,0.0,1.0,4.0,THR,Polar,0.0
14.0,0.0,0.0,0.0,0.0,3.0,PRO,Non-polar,0.0
15.0,0.0,0.0,0.0,0.0,4.0,SER,Polar,0.0
2.0,1.0,0.0,0.0,1.0,4.0,ASN,Polar,0.0
5.0,0.0,0.0,0.0,0.0,4.0,GLN,Polar,0.0
0.0,0.0,0.0,0.0,1.0,3.0,ALA,Non-polar,0.0
19.0,0.0,0.0,0.0,0.0,3.0,VAL,Non-polar,0.0
13.0,0.0,0.0,0.0,0.0,0.0,PHE,"Hydrophobic,H-aromatic",0.0
6.0,0.0,0.0,0.0,1.0,2.0,GLU,Negative,0.0
18.0,0.0,0.0,0.0,0.0,0.0,TYR,"Hydrophobic,H-aromatic",0.0
11.0,0.0,0.0,0.0,1.0,5.0,LYS,Positive,0.0
9.0,0.0,0.0,0.0,0.0,1.0,ILE,"Hydrophobic,H-non-aromatic",0.0
15.0,0.0,0.0,0.0,0.0,4.0,SER,Polar,0.0
0.0,0.0,0.0,0.0,1.0,3.0,ALA,Non-polar,0.0
7.0,1.0,0.0,0.0,1.0,3.0,GLY,Non-polar,0.0
19.0,0.0,0.0,0.0,0.0,3.0,VAL,Non-polar,0.0
0.0,0.0,0.0,0.0,0.0,3.0,ALA,Non-polar,0.0
10.0,0.0,0.0,0.0,0.0,1.0,LEU,"Hydrophobic,H-non-aromatic",0.0
3.0,0.0,0.0,0.0,1.0,2.0,ASP,Negative,0.0
5.0,0.0,0.0,0.0,0.0,4.0,GLN,Polar,0.0
10.0,0.0,0.0,0.0,0.0,1.0,LEU,"Hydrophobic,H-non-aromatic",0.0
15.0,0.0,0.0,0.0,0.0,4.0,SER,Polar,0.0
7.0,0.0,0.0,0.0,1.0,3.0,GLY,Non-polar,0.0
9.0,0.0,0.0,0.0,0.0,1.0,ILE,"Hydrophobic,H-non-aromatic",0.0
8.0,0.0,0.0,0.0,1.0,4.0,HIS,Polar,0.0
15.0,1.0,0.0,0.0,1.0,4.0,SER,Polar,0.0
2.0,0.0,0.0,0.0,0.0,4.0,ASN,Polar,0.0
10.0,0.0,0.0,0.0,1.0,1.0,LEU,"Hydrophobic,H-non-aromatic",0.0
0.0,0.0,0.0,0.0,1.0,3.0,ALA,Non-polar,0.0
0.0,0.0,0.0,0.0,0.0,3.0,ALA,Non-polar,0.0
3.0,1.0,0.0,0.0,1.0,2.0,ASP,Negative,0.0
15.0,0.0,0.0,0.0,1.0,4.0,SER,Polar,0.0
10.0,0.0,0.0,0.0,0.0,1.0,LEU,"Hydrophobic,H-non-aromatic",0.0
9.0,0.0,0.0,0.0,0.0,1.0,ILE,"Hydrophobic,H-non-aromatic",0.0
9.0,0.0,0.0,0.0,0.0,1.0,ILE,"Hydrophobic,H-non-aromatic",0.0
19.0,0.0,0.0,0.0,1.0,3.0,VAL,Non-polar,0.0
7.0,1.0,0.0,0.0,1.0,3.0,GLY,Non-polar,0.0
10.0,0.0,0.0,0.0,0.0,1.0,LEU,"Hydrophobic,H-non-aromatic",0.0
11.0,0.0,0.0,0.0,0.0,5.0,LYS,Positive,0.0
6.0,0.0,0.0,0.0,1.0,2.0,GLU,Negative,0.0
15.0,1.0,0.0,0.0,1.0,4.0,SER,Polar,0.0
19.0,1.0,0.0,0.0,1.0,3.0,VAL,Non-polar,0.0
18.0,0.0,0.0,0.0,1.0,0.0,TYR,"Hydrophobic,H-aromatic",0.0
7.0,0.0,0.0,0.0,0.0,3.0,GLY,Non-polar,0.0
7.0,0.0,0.0,0.0,1.0,3.0,GLY,Non-polar,0.0
10.0,0.0,0.0,0.0,0.0,1.0,LEU,"Hydrophobic,H-non-aromatic",0.0
11.0,0.0,0.0,0.0,1.0,5.0,LYS,Positive,0.0
2.0,0.0,0.0,0.0,0.0,4.0,ASN,Polar,0.0
16.0,0.0,0.0,0.0,0.0,4.0,THR,Polar,0.0
3.0,0.0,0.0,0.0,0.0,2.0,ASP,Negative,0.0
14.0,1.0,0.0,0.0,1.0,3.0,PRO,Non-polar,0.0
6.0,0.0,0.0,0.0,1.0,2.0,GLU,Negative,0.0
0.0,0.0,0.0,0.0,0.0,3.0,ALA,Non-polar,0.0
14.0,0.0,0.0,0.0,0.0,3.0,PRO,Non-polar,0.0
13.0,0.0,0.0,0.0,0.0,0.0,PHE,"Hydrophobic,H-aromatic",0.0
7.0,0.0,0.0,0.0,0.0,3.0,GLY,Non-polar,0.0
2.0,1.0,0.0,0.0,1.0,4.0,ASN,Polar,0.0
8.0,1.0,0.0,0.0,1.0,4.0,HIS,Polar,0.0
15.0,1.0,0.0,0.0,1.0,4.0,SER,Polar,0.0
15.0,0.0,0.0,0.0,0.0,4.0,SER,Polar,0.0
16.0,0.0,0.0,0.0,0.0,4.0,THR,Polar,0.0
13.0,0.0,0.0,0.0,0.0,0.0,PHE,"Hydrophobic,H-aromatic",0.0
6.0,0.0,0.0,0.0,0.0,2.0,GLU,Negative,0.0
6.0,1.0,0.0,0.0,1.0,2.0,GLU,Negative,0.0
4.0,0.0,0.0,0.0,0.0,1.0,CYS,"Hydrophobic,H-non-aromatic",0.0
5.0,1.0,0.0,0.0,1.0,4.0,GLN,Polar,0.0
5.0,0.0,0.0,0.0,1.0,4.0,GLN,Polar,0.0
3.0,0.0,0.0,0.0,1.0,2.0,ASP,Negative,0.0
15.0,0.0,0.0,0.0,1.0,4.0,SER,Polar,0.0
13.0,0.0,0.0,0.0,0.0,0.0,PHE,"Hydrophobic,H-aromatic",0.0
7.0,1.0,0.0,0.0,1.0,3.0,GLY,Non-polar,1.0
3.0,1.0,0.0,0.0,1.0,2.0,ASP,Negative,0.0
3.0,0.0,0.0,0.0,0.0,2.0,ASP,Negative,0.0
11.0,0.0,0.0,0.0,1.0,5.0,LYS,Positive,0.0
15.0,0.0,0.0,0.0,0.0,4.0,SER,Polar,0.0
18.0,0.0,0.0,0.0,0.0,0.0,TYR,"Hydrophobic,H-aromatic",0.0
13.0,0.0,0.0,0.0,0.0,0.0,PHE,"Hydrophobic,H-aromatic",0.0
1.0,0.0,0.0,0.0,1.0,5.0,ARG,Positive,0.0
16.0,0.0,0.0,0.0,0.0,4.0,THR,Polar,0.0
11.0,1.0,0.0,0.0,1.0,5.0,LYS,Positive,0.0
3.0,1.0,0.0,0.0,1.0,2.0,ASP,Negative,0.0
17.0,0.0,0.0,0.0,0.0,0.0,TRP,"Hydrophobic,H-aromatic",0.0
8.0,0.0,0.0,0.0,1.0,4.0,HIS,Polar,0.0
6.0,0.0,0.0,0.0,0.0,2.0,GLU,Negative,0.0
14.0,0.0,0.0,0.0,0.0,3.0,PRO,Non-polar,0.0
16.0,1.0,0.0,0.0,1.0,4.0,THR,Polar,0.0
14.0,0.0,0.0,0.0,1.0,3.0,PRO,Non-polar,0.0
13.0,0.0,0.0,0.0,1.0,0.0,PHE,"Hydrophobic,H-aromatic",1.0
10.0,0.0,0.0,0.0,0.0,1.0,LEU,"Hydrophobic,H-non-aromatic",0.0
7.0,0.0,0.0,0.0,1.0,3.0,GLY,Non-polar,0.0
14.0,0.0,0.0,0.0,1.0,3.0,PRO,Non-polar,0.0
2.0,0.0,0.0,0.0,0.0,4.0,ASN,Polar,0.0
8.0,0.0,0.0,0.0,1.0,4.0,HIS,Polar,0.0
7.0,0.0,0.0,0.0,0.0,3.0,GLY,Non-polar,0.0
7.0,0.0,0.0,0.0,0.0,3.0,GLY,Non-polar,0.0
19.0,0.0,0.0,0.0,1.0,3.0,VAL,Non-polar,0.0
0.0,0.0,0.0,0.0,1.0,3.0,ALA,Non-polar,0.0
16.0,0.0,0.0,0.0,0.0,4.0,THR,Polar,0.0
5.0,0.0,0.0,0.0,1.0,4.0,GLN,Polar,0.0
9.0,0.0,0.0,0.0,0.0,1.0,ILE,"Hydrophobic,H-non-aromatic",0.0
10.0,0.0,0.0,0.0,1.0,1.0,LEU,"Hydrophobic,H-non-aromatic",0.0
3.0,0.0,0.0,0.0,1.0,2.0,ASP,Negative,0.0
14.0,0.0,0.0,0.0,0.0,3.0,PRO,Non-polar,0.0
0.0,0.0,0.0,0.0,0.0,3.0,ALA,Non-polar,0.0
18.0,0.0,0.0,0.0,0.0,0.0,TYR,"Hydrophobic,H-aromatic",0.0
15.0,1.0,0.0,0.0,1.0,4.0,SER,Polar,0.0
18.0,0.0,0.0,0.0,1.0,0.0,TYR,"Hydrophobic,H-aromatic",0.0
5.0,0.0,0.0,0.0,0.0,4.0,GLN,Polar,0.0
10.0,0.0,0.0,0.0,0.0,1.0,LEU,"Hydrophobic,H-non-aromatic",0.0
2.0,1.0,0.0,0.0,1.0,4.0,ASN,Polar,0.0
7.0,0.0,0.0,0.0,1.0,3.0,GLY,Non-polar,0.0
14.0,1.0,0.0,0.0,1.0,3.0,PRO,Non-polar,0.0
14.0,0.0,0.0,0.0,0.0,3.0,PRO,Non-polar,0.0
3.0,1.0,0.0,0.0,1.0,2.0,ASP,Negative,0.0
18.0,0.0,0.0,0.0,0.0,0.0,TYR,"Hydrophobic,H-aromatic",0.0
10.0,0.0,0.0,0.0,1.0,1.0,LEU,"Hydrophobic,H-non-aromatic",0.0
11.0,1.0,0.0,0.0,1.0,5.0,LYS,Positive,0.0
16.0,0.0,0.0,0.0,1.0,4.0,THR,Polar,0.0
6.0,0.0,0.0,0.0,1.0,2.0,GLU,Negative,0.0
12.0,0.0,0.0,0.0,0.0,1.0,MET,"Hydrophobic,H-non-aromatic",0.0
10.0,0.0,0.0,0.0,1.0,1.0,LEU,"Hydrophobic,H-non-aromatic",0.0
10.0,0.0,0.0,0.0,0.0,1.0,LEU,"Hydrophobic,H-non-aromatic",0.0
17.0,0.0,0.0,0.0,0.0,0.0,TRP,"Hydrophobic,H-aromatic",0.0
7.0,0.0,0.0,0.0,1.0,3.0,GLY,Non-polar,0.0
11.0,0.0,0.0,0.0,1.0,5.0,LYS,Positive,0.0
5.0,0.0,0.0,0.0,0.0,4.0,GLN,Polar,0.0
16.0,0.0,0.0,0.0,1.0,4.0,THR,Polar,0.0
9.0,0.0,0.0,0.0,1.0,1.0,ILE,"Hydrophobic,H-non-aromatic",0.0
18.0,1.0,0.0,0.0,1.0,0.0,TYR,"Hydrophobic,H-aromatic",0.0
7.0,0.0,0.0,0.0,1.0,3.0,GLY,Non-polar,0.0
11.0,0.0,0.0,0.0,0.0,5.0,LYS,Positive,0.0
9.0,0.0,0.0,0.0,0.0,1.0,ILE,"Hydrophobic,H-non-aromatic",0.0
3.0,1.0,0.0,0.0,1.0,2.0,ASP,Negative,0.0
5.0,0.0,0.0,0.0,1.0,4.0,GLN,Polar,0.0
12.0,0.0,0.0,0.0,0.0,1.0,MET,"Hydrophobic,H-non-aromatic",0.0
6.0,0.0,0.0,0.0,1.0,2.0,GLU,Negative,0.0
15.0,1.0,0.0,0.0,1.0,4.0,SER,Polar,0.0
0.0,1.0,0.0,0.0,1.0,3.0,ALA,Non-polar,0.0
0.0,0.0,0.0,0.0,0.0,3.0,ALA,Non-polar,0.0
11.0,1.0,0.0,0.0,1.0,5.0,LYS,Positive,0.0
13.0,0.0,0.0,0.0,0.0,0.0,PHE,"Hydrophobic,H-aromatic",0.0
1.0,0.0,0.0,0.0,1.0,5.0,ARG,Positive,0.0
7.0,0.0,0.0,0.0,1.0,3.0,GLY,Non-polar,0.0
19.0,0.0,0.0,0.0,0.0,3.0,VAL,Non-polar,0.0
1.0,0.0,0.0,0.0,1.0,5.0,ARG,Positive,0.0
6.0,0.0,0.0,0.0,1.0,2.0,GLU,Negative,0.0
5.0,0.0,0.0,0.0,1.0,4.0,GLN,Polar,0.0
10.0,0.0,0.0,0.0,0.0,1.0,LEU,"Hydrophobic,H-non-aromatic",0.0
9.0,0.0,0.0,0.0,0.0,1.0,ILE,"Hydrophobic,H-non-aromatic",0.0
16.0,0.0,0.0,0.0,0.0,4.0,THR,Polar,0.0
9.0,0.0,0.0,0.0,0.0,1.0,ILE,"Hydrophobic,H-non-aromatic",0.0
4.0,0.0,0.0,0.0,0.0,1.0,CYS,"Hydrophobic,H-non-aromatic",0.0
6.0,0.0,0.0,0.0,0.0,2.0,GLU,Negative,0.0
0.0,1.0,0.0,0.0,1.0,3.0,ALA,Non-polar,0.0
1.0,0.0,0.0,0.0,1.0,5.0,ARG,Positive,0.0
9.0,0.0,0.0,0.0,0.0,1.0,ILE,"Hydrophobic,H-non-aromatic",0.0
8.0,1.0,0.0,0.0,1.0,4.0,HIS,Polar,0.0
15.0,0.0,0.0,0.0,0.0,4.0,SER,Polar,0.0
10.0,0.0,0.0,0.0,0.0,1.0,LEU,"Hydrophobic,H-non-aromatic",0.0
3.0,0.0,0.0,0.0,1.0,2.0,ASP,Negative,0.0
19.0,0.0,0.0,0.0,0.0,3.0,VAL,Non-polar,0.0
7.0,1.0,0.0,0.0,1.0,3.0,GLY,Non-polar,0.0
15.0,0.0,0.0,0.0,0.0,4.0,SER,Polar,0.0
6.0,0.0,0.0,0.0,1.0,2.0,GLU,Negative,0.0
10.0,0.0,0.0,0.0,0.0,1.0,LEU,"Hydrophobic,H-non-aromatic",0.0
11.0,1.0,0.0,0.0,1.0,5.0,LYS,Positive,0.0
6.0,1.0,0.0,0.0,1.0,2.0,GLU,Negative,0.0
3.0,1.0,0.0,0.0,1.0,2.0,ASP,Negative,0.0
9.0,0.0,0.0,0.0,0.0,1.0,ILE,"Hydrophobic,H-non-aromatic",0.0
11.0,0.0,0.0,0.0,1.0,5.0,LYS,Positive,0.0
10.0,0.0,0.0,0.0,0.0,1.0,LEU,"Hydrophobic,H-non-aromatic",0.0
0.0,0.0,0.0,0.0,0.0,3.0,ALA,Non-polar,0.0
8.0,0.0,0.0,0.0,1.0,4.0,HIS,Polar,0.0
11.0,0.0,0.0,0.0,1.0,5.0,LYS,Positive,0.0
10.0,0.0,0.0,0.0,0.0,1.0,LEU,"Hydrophobic,H-non-aromatic",0.0
15.0,1.0,0.0,0.0,1.0,4.0,SER,Polar,0.0
1.0,0.0,0.0,0.0,0.0,5.0,ARG,Positive,0.0
6.0,0.0,0.0,0.0,1.0,2.0,GLU,Negative,0.0
8.0,1.0,0.0,0.0,1.0,4.0,HIS,Polar,0.0
18.0,0.0,0.0,0.0,0.0,0.0,TYR,"Hydrophobic,H-aromatic",0.0
14.0,0.0,0.0,0.0,1.0,3.0,PRO,Non-polar,0.0
10.0,1.0,0.0,0.0,1.0,1.0,LEU,"Hydrophobic,H-non-aromatic",0.0
3.0,0.0,0.0,0.0,1.0,2.0,ASP,Negative,0.0
11.0,0.0,0.0,0.0,1.0,5.0,LYS,Positive,0.0
19.0,0.0,0.0,0.0,0.0,3.0,VAL,Non-polar,0.0
9.0,0.0,0.0,0.0,0.0,1.0,ILE,"Hydrophobic,H-non-aromatic",0.0
10.0,0.0,0.0,0.0,0.0,1.0,LEU,"Hydrophobic,H-non-aromatic",0.0
15.0,0.0,0.0,0.0,0.0,4.0,SER,Polar,0.0
11.0,0.0,0.0,0.0,1.0,5.0,LYS,Positive,0.0
6.0,0.0,0.0,0.0,0.0,2.0,GLU,Negative,0.0
6.0,1.0,0.0,0.0,1.0,2.0,GLU,Negative,0.0
16.0,0.0,0.0,0.0,0.0,4.0,THR,Polar,0.0
6.0,0.0,0.0,0.0,1.0,2.0,GLU,Negative,0.0
5.0,0.0,0.0,0.0,1.0,4.0,GLN,Polar,0.0
10.0,0.0,0.0,0.0,0.0,1.0,LEU,"Hydrophobic,H-non-aromatic",0.0
11.0,0.0,0.0,0.0,1.0,5.0,LYS,Positive,0.0
0.0,0.0,0.0,0.0,1.0,3.0,ALA,Non-polar,0.0
10.0,0.0,0.0,0.0,1.0,1.0,LEU,"Hydrophobic,H-non-aromatic",0.0
6.0,0.0,0.0,0.0,0.0,2.0,GLU,Negative,0.0
13.0,0.0,0.0,0.0,1.0,0.0,PHE,"Hydrophobic,H-aromatic",0.0
16.0,0.0,0.0,0.0,1.0,4.0,THR,Polar,0.0
15.0,0.0,0.0,0.0,0.0,4.0,SER,Polar,0.0
15.0,0.0,0.0,0.0,0.0,4.0,SER,Polar,0.0
8.0,0.0,0.0,0.0,0.0,4.0,HIS,Polar,0.0
13.0,0.0,0.0,0.0,0.0,0.0,PHE,"Hydrophobic,H-aromatic",0.0
1.0,0.0,0.0,0.0,1.0,5.0,ARG,Positive,0.0
19.0,0.0,0.0,0.0,0.0,3.0,VAL,Non-polar,0.0
13.0,0.0,0.0,0.0,0.0,0.0,PHE,"Hydrophobic,H-aromatic",0.0
14.0,0.0,0.0,0.0,1.0,3.0,PRO,Non-polar,0.0
18.0,0.0,0.0,0.0,0.0,0.0,TYR,"Hydrophobic,H-aromatic",0.0
11.0,0.0,0.0,0.0,0.0,5.0,LYS,Positive,0.0
1.0,0.0,0.0,0.0,1.0,5.0,ARG,Positive,0.0
3.0,1.0,0.0,0.0,1.0,2.0,ASP,Negative,0.0
4.0,0.0,0.0,0.0,0.0,1.0,CYS,"Hydrophobic,H-non-aromatic",0.0
15.0,0.0,0.0,0.0,1.0,4.0,SER,Polar,0.0
9.0,0.0,0.0,0.0,0.0,1.0,ILE,"Hydrophobic,H-non-aromatic",0.0
9.0,0.0,0.0,0.0,0.0,1.0,ILE,"Hydrophobic,H-non-aromatic",0.0
10.0,0.0,0.0,0.0,1.0,1.0,LEU,"Hydrophobic,H-non-aromatic",0.0
13.0,0.0,0.0,0.0,0.0,0.0,PHE,"Hydrophobic,H-aromatic",0.0
17.0,0.0,0.0,0.0,1.0,0.0,TRP,"Hydrophobic,H-aromatic",0.0
2.0,0.0,0.0,0.0,0.0,4.0,ASN,Polar,0.0
8.0,0.0,0.0,0.0,0.0,4.0,HIS,Polar,0.0
2.0,0.0,0.0,0.0,1.0,4.0,ASN,Polar,0.0
19.0,0.0,0.0,0.0,0.0,3.0,VAL,Non-polar,0.0
11.0,1.0,0.0,0.0,1.0,5.0,LYS,Positive,0.0
10.0,0.0,0.0,0.0,1.0,1.0,LEU,"Hydrophobic,H-non-aromatic",0.0
10.0,0.0,0.0,0.0,0.0,1.0,LEU,"Hydrophobic,H-non-aromatic",0.0
15.0,0.0,0.0,0.0,0.0,4.0,SER,Polar,0.0
6.0,0.0,0.0,0.0,0.0,2.0,GLU,Negative,0.0
16.0,0.0,0.0,0.0,0.0,4.0,THR,Polar,0.0
10.0,0.0,0.0,0.0,1.0,1.0,LEU,"Hydrophobic,H-non-aromatic",0.0
8.0,0.0,0.0,0.0,0.0,4.0,HIS,Polar,0.0
15.0,0.0,0.0,0.0,0.0,4.0,SER,Polar,0.0
2.0,0.0,0.0,0.0,0.0,4.0,ASN,Polar,0.0
11.0,1.0,0.0,0.0,1.0,5.0,LYS,Positive,0.0
15.0,1.0,0.0,0.0,1.0,4.0,SER,Polar,0.0
6.0,1.0,0.0,0.0,1.0,2.0,GLU,Negative,0.0
11.0,0.0,0.0,0.0,1.0,5.0,LYS,Positive,0.0
15.0,0.0,0.0,0.0,1.0,4.0,SER,Polar,0.0
14.0,1.0,0.0,0.0,1.0,3.0,PRO,Non-polar,0.0
6.0,0.0,0.0,0.0,0.0,2.0,GLU,Negative,0.0
3.0,0.0,0.0,0.0,1.0,2.0,ASP,Negative,0.0
5.0,0.0,0.0,0.0,1.0,4.0,GLN,Polar,0.0
10.0,0.0,0.0,0.0,1.0,1.0,LEU,"Hydrophobic,H-non-aromatic",0.0
13.0,0.0,0.0,0.0,0.0,0.0,PHE,"Hydrophobic,H-aromatic",0.0
11.0,0.0,0.0,0.0,1.0,5.0,LYS,Positive,0.0
17.0,0.0,0.0,0.0,1.0,0.0,TRP,"Hydrophobic,H-aromatic",0.0
13.0,0.0,0.0,0.0,0.0,0.0,PHE,"Hydrophobic,H-aromatic",0.0
6.0,1.0,0.0,0.0,1.0,2.0,GLU,Negative,0.0
16.0,0.0,0.0,0.0,0.0,4.0,THR,Polar,0.0
0.0,0.0,0.0,0.0,0.0,3.0,ALA,Non-polar,0.0
0.0,0.0,0.0,0.0,1.0,3.0,ALA,Non-polar,0.0
10.0,0.0,0.0,0.0,0.0,1.0,LEU,"Hydrophobic,H-non-aromatic",0.0
11.0,1.0,0.0,0.0,1.0,5.0,LYS,Positive,0.0
15.0,0.0,0.0,0.0,0.0,4.0,SER,Polar,0.0
19.0,0.0,0.0,0.0,0.0,3.0,VAL,Non-polar,0.0
3.0,0.0,0.0,0.0,0.0,2.0,ASP,Negative,0.0
19.0,0.0,0.0,0.0,0.0,3.0,VAL,Non-polar,0.0
11.0,0.0,0.0,0.0,1.0,5.0,LYS,Positive,1.0
10.0,0.0,0.0,0.0,0.0,1.0,LEU,"Hydrophobic,H-non-aromatic",0.0
0.0,0.0,0.0,0.0,0.0,3.0,ALA,Non-polar,0.0
14.0,1.0,0.0,0.0,1.0,3.0,PRO,Non-polar,0.0
14.0,0.0,0.0,0.0,0.0,3.0,PRO,Non-polar,0.0
6.0,1.0,0.0,0.0,1.0,2.0,GLU,Negative,0.0
11.0,0.0,0.0,0.0,1.0,5.0,LYS,Positive,0.0
19.0,0.0,0.0,0.0,0.0,3.0,VAL,Non-polar,0.0
7.0,0.0,0.0,0.0,0.0,3.0,GLY,Non-polar,0.0
16.0,1.0,0.0,0.0,1.0,4.0,THR,Polar,0.0
14.0,1.0,0.0,0.0,1.0,3.0,PRO,Non-polar,0.0
2.0,0.0,0.0,0.0,1.0,4.0,ASN,Polar,0.0
2.0,0.0,0.0,0.0,0.0,4.0,ASN,Polar,0.0
3.0,0.0,0.0,0.0,1.0,2.0,ASP,Negative,0.0
7.0,0.0,0.0,0.0,1.0,3.0,GLY,Non-polar,0.0
0.0,0.0,0.0,0.0,1.0,3.0,ALA,Non-polar,0.0
14.0,1.0,0.0,0.0,1.0,3.0,PRO,Non-polar,0.0
15.0,1.0,0.0,0.0,1.0,4.0,SER,Polar,0.0
18.0,0.0,0.0,0.0,1.0,0.0,TYR,"Hydrophobic,H-aromatic",0.0
15.0,0.0,0.0,0.0,0.0,4.0,SER,Polar,0.0
9.0,0.0,0.0,0.0,0.0,1.0,ILE,"Hydrophobic,H-non-aromatic",0.0
14.0,1.0,0.0,0.0,1.0,3.0,PRO,Non-polar,0.0
11.0,0.0,0.0,0.0,1.0,5.0,LYS,Positive,0.0
15.0,0.0,0.0,0.0,0.0,4.0,SER,Polar,0.0
19.0,0.0,0.0,0.0,0.0,3.0,VAL,Non-polar,0.0
16.0,0.0,0.0,0.0,0.0,4.0,THR,Polar,0.0
10.0,0.0,0.0,0.0,1.0,1.0,LEU,"Hydrophobic,H-non-aromatic",0.0
11.0,0.0,0.0,0.0,1.0,5.0,LYS,Positive,0.0
16.0,0.0,0.0,0.0,0.0,4.0,THR,Polar,0.0
15.0,0.0,0.0,0.0,0.0,4.0,SER,Polar,0.0
10.0,0.0,0.0,0.0,0.0,1.0,LEU,"Hydrophobic,H-non-aromatic",0.0
6.0,1.0,0.0,0.0,1.0,2.0,GLU,Negative,0.0
15.0,0.0,0.0,0.0,0.0,4.0,SER,Polar,0.0
14.0,0.0,0.0,0.0,1.0,3.0,PRO,Non-polar,0.0
10.0,0.0,0.0,0.0,0.0,1.0,LEU,"Hydrophobic,H-non-aromatic",0.0
0.0,0.0,0.0,0.0,0.0,3.0,ALA,Non-polar,0.0
9.0,0.0,0.0,0.0,0.0,1.0,ILE,"Hydrophobic,H-non-aromatic",0.0
6.0,0.0,0.0,0.0,0.0,2.0,GLU,Negative,0.0
4.0,0.0,0.0,0.0,0.0,1.0,CYS,"Hydrophobic,H-non-aromatic",0.0
11.0,0.0,0.0,0.0,0.0,5.0,LYS,Positive,0.0
18.0,0.0,0.0,0.0,0.0,0.0,TYR,"Hydrophobic,H-aromatic",0.0
2.0,0.0,0.0,0.0,1.0,4.0,ASN,Polar,0.0
0.0,0.0,0.0,0.0,0.0,3.0,ALA,Non-polar,0.0
6.0,0.0,0.0,0.0,1.0,2.0,GLU,Negative,0.0
16.0,0.0,0.0,0.0,0.0,4.0,THR,Polar,0.0
8.0,0.0,0.0,0.0,1.0,4.0,HIS,Polar,0.0
3.0,0.0,0.0,0.0,1.0,2.0,ASP,Negative,0.0
11.0,0.0,0.0,0.0,1.0,5.0,LYS,Positive,0.0
5.0,0.0,0.0,0.0,0.0,4.0,GLN,Polar,0.0
10.0,0.0,0.0,0.0,0.0,1.0,LEU,"Hydrophobic,H-non-aromatic",0.0
15.0,0.0,0.0,0.0,0.0,4.0,SER,Polar,0.0
9.0,0.0,0.0,0.0,0.0,1.0,ILE,"Hydrophobic,H-non-aromatic",0.0
14.0,1.0,0.0,0.0,1.0,3.0,PRO,Non-polar,0.0
7.0,0.0,0.0,0.0,1.0,3.0,GLY,Non-polar,0.0
16.0,0.0,0.0,0.0,0.0,4.0,THR,Polar,0.0
7.0,0.0,0.0,0.0,0.0,3.0,GLY,Non-polar,0.0
15.0,0.0,0.0,0.0,1.0,4.0,SER,Polar,0.0
18.0,0.0,0.0,0.0,0.0,0.0,TYR,"Hydrophobic,H-aromatic",0.0
2.0,0.0,0.0,0.0,0.0,4.0,ASN,Polar,0.0
5.0,0.0,0.0,0.0,0.0,4.0,GLN,Polar,0.0
0.0,0.0,0.0,0.0,1.0,3.0,ALA,Non-polar,0.0
11.0,0.0,0.0,0.0,1.0,5.0,LYS,Positive,0.0
19.0,0.0,0.0,0.0,0.0,3.0,VAL,Non-polar,0.0
9.0,0.0,0.0,0.0,0.0,1.0,ILE,"Hydrophobic,H-non-aromatic",0.0
15.0,0.0,0.0,0.0,0.0,4.0,SER,Polar,0.0
19.0,0.0,0.0,0.0,0.0,3.0,VAL,Non-polar,0.0
6.0,0.0,0.0,0.0,1.0,2.0,GLU,Negative,0.0
7.0,0.0,0.0,0.0,1.0,3.0,GLY,Non-polar,0.0
11.0,0.0,0.0,0.0,0.0,5.0,LYS,Positive,0.0
10.0,0.0,0.0,0.0,1.0,1.0,LEU,"Hydrophobic,H-non-aromatic",0.0
11.0,0.0,0.0,0.0,1.0,5.0,LYS,Positive,0.0
2.0,0.0,0.0,0.0,1.0,4.0,ASN,Polar,0.0
6.0,0.0,0.0,0.0,1.0,2.0,GLU,Negative,0.0
16.0,0.0,0.0,0.0,0.0,4.0,THR,Polar,0.0
1.0,0.0,0.0,0.0,0.0,5.0,ARG,Positive,0.0
16.0,0.0,0.0,0.0,1.0,4.0,THR,Polar,0.0
2.0,0.0,0.0,0.0,1.0,4.0,ASN,Polar,0.0
0.0,1.0,0.0,0.0,1.0,3.0,ALA,Non-polar,0.0
10.0,0.0,0.0,0.0,0.0,1.0,LEU,"Hydrophobic,H-non-aromatic",0.0
7.0,0.0,0.0,0.0,0.0,3.0,GLY,Non-polar,0.0
2.0,0.0,0.0,0.0,1.0,4.0,ASN,Polar,0.0
19.0,0.0,0.0,0.0,0.0,3.0,VAL,Non-polar,0.0
11.0,0.0,0.0,0.0,1.0,5.0,LYS,Positive,0.0
5.0,0.0,0.0,0.0,0.0,4.0,GLN,Polar,0.0
16.0,1.0,0.0,0.0,1.0,4.0,THR,Polar,0.0
6.0,0.0,0.0,0.0,1.0,2.0,GLU,Negative,1.0
5.0,0.0,0.0,0.0,0.0,4.0,GLN,Polar,0.0
13.0,0.0,0.0,0.0,0.0,0.0,PHE,"Hydrophobic,H-aromatic",0.0
18.0,0.0,0.0,0.0,0.0,0.0,TYR,"Hydrophobic,H-aromatic",0.0
10.0,0.0,0.0,0.0,0.0,1.0,LEU,"Hydrophobic,H-non-aromatic",0.0
2.0,0.0,0.0,0.0,0.0,4.0,ASN,Polar,0.0
14.0,0.0,0.0,0.0,0.0,3.0,PRO,Non-polar,0.0
10.0,0.0,0.0,0.0,1.0,1.0,LEU,"Hydrophobic,H-non-aromatic",0.0
6.0,0.0,0.0,0.0,1.0,2.0,GLU,Negative,0.0
9.0,0.0,0.0,0.0,0.0,1.0,ILE,"Hydrophobic,H-non-aromatic",0.0
18.0,0.0,0.0,0.0,0.0,0.0,TYR,"Hydrophobic,H-aromatic",0.0
7.0,1.0,0.0,0.0,1.0,3.0,GLY,Non-polar,0.0
19.0,1.0,0.0,0.0,1.0,3.0,VAL,Non-polar,0.0
1.0,0.0,0.0,0.0,1.0,5.0,ARG,Positive,1.0
19.0,0.0,0.0,0.0,0.0,3.0,VAL,Non-polar,0.0
19.0,0.0,0.0,0.0,0.0,3.0,VAL,Non-polar,0.0
0.0,0.0,0.0,0.0,1.0,3.0,ALA,Non-polar,0.0
0.0,0.0,0.0,0.0,1.0,3.0,ALA,Non-polar,0.0
0.0,1.0,0.0,0.0,1.0,3.0,ALA,Non-polar,0.0
6.0,0.0,0.0,0.0,1.0,2.0,GLU,Negative,0.0
2.0,0.0,0.0,0.0,1.0,4.0,ASN,Polar,0.0
6.0,1.0,0.0,0.0,1.0,2.0,GLU,Negative,0.0
13.0,0.0,0.0,0.0,0.0,0.0,PHE,"Hydrophobic,H-aromatic",0.0
19.0,0.0,0.0,0.0,0.0,3.0,VAL,Non-polar,0.0
0.0,0.0,0.0,0.0,0.0,3.0,ALA,Non-polar,0.0
9.0,0.0,0.0,0.0,0.0,1.0,ILE,"Hydrophobic,H-non-aromatic",0.0
9.0,0.0,0.0,0.0,0.0,1.0,ILE,"Hydrophobic,H-non-aromatic",0.0
14.0,0.0,0.0,0.0,0.0,3.0,PRO,Non-polar,0.0
13.0,0.0,0.0,0.0,0.0,0.0,PHE,"Hydrophobic,H-aromatic",0.0
10.0,0.0,0.0,0.0,0.0,1.0,LEU,"Hydrophobic,H-non-aromatic",0.0
11.0,0.0,0.0,0.0,1.0,5.0,LYS,Positive,0.0
0.0,1.0,0.0,0.0,1.0,3.0,ALA,Non-polar,0.0
5.0,0.0,0.0,0.0,1.0,4.0,GLN,Polar,0.0
10.0,0.0,0.0,0.0,0.0,1.0,LEU,"Hydrophobic,H-non-aromatic",0.0
5.0,1.0,0.0,0.0,1.0,4.0,GLN,Polar,0.0
9.0,0.0,0.0,0.0,0.0,1.0,ILE,"Hydrophobic,H-non-aromatic",0.0
5.0,0.0,0.0,0.0,0.0,4.0,GLN,Polar,0.0
9.0,0.0,0.0,0.0,0.0,1.0,ILE,"Hydrophobic,H-non-aromatic",0.0
6.0,1.0,0.0,0.0,1.0,2.0,GLU,Negative,0.0
15.0,0.0,0.0,0.0,0.0,4.0,SER,Polar,0.0
7.0,0.0,0.0,0.0,1.0,3.0,GLY,Non-polar,0.0
19.0,0.0,0.0,0.0,0.0,3.0,VAL,Non-polar,0.0
3.0,1.0,0.0,0.0,1.0,2.0,ASP,Negative,0.0
18.0,0.0,0.0,0.0,1.0,0.0,TYR,"Hydrophobic,H-aromatic",0.0
13.0,0.0,0.0,0.0,0.0,0.0,PHE,"Hydrophobic,H-aromatic",0.0
18.0,0.0,0.0,0.0,0.0,0.0,TYR,"Hydrophobic,H-aromatic",0.0
7.0,0.0,0.0,0.0,0.0,3.0,GLY,Non-polar,0.0
4.0,0.0,0.0,0.0,0.0,1.0,CYS,"Hydrophobic,H-non-aromatic",0.0
19.0,0.0,0.0,0.0,1.0,3.0,VAL,Non-polar,0.0
9.0,0.0,0.0,0.0,0.0,1.0,ILE,"Hydrophobic,H-non-aromatic",0.0
10.0,0.0,0.0,0.0,0.0,1.0,LEU,"Hydrophobic,H-non-aromatic",0.0
3.0,0.0,0.0,0.0,0.0,2.0,ASP,Negative,0.0
8.0,0.0,0.0,0.0,0.0,4.0,HIS,Polar,0.0
11.0,0.0,0.0,0.0,1.0,5.0,LYS,Positive,0.0
0.0,0.0,0.0,0.0,0.0,3.0,ALA,Non-polar,0.0
6.0,0.0,0.0,0.0,1.0,2.0,GLU,Negative,0.0
10.0,0.0,0.0,0.0,0.0,1.0,LEU,"Hydrophobic,H-non-aromatic",0.0
9.0,0.0,0.0,0.0,0.0,1.0,ILE,"Hydrophobic,H-non-aromatic",0.0
13.0,0.0,0.0,0.0,0.0,0.0,PHE,"Hydrophobic,H-aromatic",0.0
1.0,0.0,0.0,0.0,0.0,5.0,ARG,Positive,0.0
10.0,0.0,0.0,0.0,0.0,1.0,LEU,"Hydrophobic,H-non-aromatic",0.0
3.0,0.0,0.0,0.0,0.0,2.0,ASP,Negative,0.0
10.0,0.0,0.0,0.0,0.0,1.0,LEU,"Hydrophobic,H-non-aromatic",0.0
0.0,0.0,0.0,0.0,0.0,3.0,ALA,Non-polar,0.0
18.0,0.0,0.0,0.0,0.0,0.0,TYR,"Hydrophobic,H-aromatic",0.0
15.0,1.0,0.0,0.0,1.0,4.0,SER,Polar,0.0
0.0,0.0,0.0,0.0,0.0,3.0,ALA,Non-polar,0.0
2.0,0.0,0.0,0.0,1.0,4.0,ASN,Polar,0.0
0.0,0.0,0.0,0.0,0.0,3.0,ALA,Non-polar,0.0
9.0,0.0,0.0,0.0,0.0,1.0,ILE,"Hydrophobic,H-non-aromatic",0.0
0.0,1.0,0.0,0.0,1.0,3.0,ALA,Non-polar,0.0
0.0,0.0,0.0,0.0,1.0,3.0,ALA,Non-polar,0.0
19.0,0.0,0.0,0.0,0.0,3.0,VAL,Non-polar,0.0
11.0,1.0,0.0,0.0,1.0,5.0,LYS,Positive,0.0
13.0,0.0,0.0,0.0,0.0,0.0,PHE,"Hydrophobic,H-aromatic",0.0
19.0,0.0,0.0,0.0,0.0,3.0,VAL,Non-polar,0.0
9.0,0.0,0.0,0.0,0.0,1.0,ILE,"Hydrophobic,H-non-aromatic",0.0
3.0,0.0,0.0,0.0,0.0,2.0,ASP,Negative,0.0
14.0,0.0,0.0,0.0,0.0,3.0,PRO,Non-polar,0.0
7.0,1.0,0.0,0.0,1.0,3.0,GLY,Non-polar,0.0
13.0,0.0,0.0,0.0,0.0,0.0,PHE,"Hydrophobic,H-aromatic",0.0
6.0,1.0,0.0,0.0,1.0,2.0,GLU,Negative,0.0
0.0,1.0,0.0,0.0,1.0,3.0,ALA,Non-polar,0.0
19.0,0.0,0.0,0.0,0.0,3.0,VAL,Non-polar,0.0
11.0,0.0,0.0,0.0,1.0,5.0,LYS,Positive,0.0
13.0,0.0,0.0,0.0,0.0,0.0,PHE,"Hydrophobic,H-aromatic",0.0
6.0,1.0,0.0,0.0,1.0,2.0,GLU,Negative,0.0
19.0,0.0,0.0,0.0,1.0,3.0,VAL,Non-polar,0.0
14.0,0.0,0.0,0.0,0.0,3.0,PRO,Non-polar,0.0
6.0,1.0,0.0,0.0,1.0,2.0,GLU,Negative,0.0
7.0,0.0,0.0,0.0,1.0,3.0,GLY,Non-polar,0.0
13.0,0.0,0.0,0.0,0.0,0.0,PHE,"Hydrophobic,H-aromatic",0.0
3.0,0.0,0.0,0.0,1.0,2.0,ASP,Negative,0.0
0.0,1.0,0.0,0.0,1.0,3.0,ALA,Non-polar,0.0
16.0,0.0,0.0,0.0,0.0,4.0,THR,Polar,0.0
9.0,0.0,0.0,0.0,0.0,1.0,ILE,"Hydrophobic,H-non-aromatic",0.0
7.0,0.0,0.0,0.0,1.0,3.0,GLY,Non-polar,0.0
14.0,0.0,0.0,0.0,0.0,3.0,PRO,Non-polar,0.0
9.0,0.0,0.0,0.0,0.0,1.0,ILE,"Hydrophobic,H-non-aromatic",0.0
15.0,1.0,0.0,0.0,1.0,4.0,SER,Polar,0.0
2.0,1.0,0.0,0.0,1.0,4.0,ASN,Polar,0.0
16.0,0.0,0.0,0.0,0.0,4.0,THR,Polar,0.0
9.0,0.0,0.0,0.0,0.0,1.0,ILE,"Hydrophobic,H-non-aromatic",0.0
6.0,0.0,0.0,0.0,0.0,2.0,GLU,Negative,0.0
11.0,1.0,0.0,0.0,1.0,5.0,LYS,Positive,0.0
17.0,1.0,1.0,0.0,1.0,0.0,TRP,"Hydrophobic,H-aromatic",0.0
17.0,0.0,0.0,0.0,1.0,0.0,TRP,"Hydrophobic,H-aromatic",0.0
19.0,0.0,0.0,0.0,0.0,3.0,VAL,Non-polar,0.0
2.0,0.0,0.0,0.0,1.0,4.0,ASN,Polar,0.0
2.0,0.0,0.0,0.0,0.0,4.0,ASN,Polar,0.0
6.0,0.0,0.0,0.0,0.0,2.0,GLU,Negative,0.0
8.0,0.0,0.0,0.0,1.0,4.0,HIS,Polar,0.0
6.0,1.0,0.0,0.0,1.0,2.0,GLU,Negative,0.0
16.0,0.0,0.0,0.0,0.0,4.0,THR,Polar,0.0
13.0,0.0,0.0,0.0,0.0,0.0,PHE,"Hydrophobic,H-aromatic",0.0
7.0,0.0,0.0,0.0,1.0,3.0,GLY,Non-polar,0.0
1.0,0.0,0.0,0.0,1.0,5.0,ARG,Positive,0.0
14.0,1.0,0.0,0.0,1.0,3.0,PRO,Non-polar,0.0
10.0,0.0,0.0,0.0,0.0,1.0,LEU,"Hydrophobic,H-non-aromatic",0.0
19.0,0.0,0.0,0.0,0.0,3.0,VAL,Non-polar,0.0
8.0,1.0,0.0,0.0,1.0,4.0,HIS,Polar,0.0
2.0,0.0,0.0,0.0,1.0,4.0,ASN,Polar,0.0
10.0,0.0,0.0,0.0,0.0,1.0,LEU,"Hydrophobic,H-non-aromatic",0.0
0.0,0.0,0.0,0.0,0.0,3.0,ALA,Non-polar,0.0
1.0,0.0,0.0,0.0,1.0,5.0,ARG,Positive,0.0
1.0,0.0,0.0,0.0,0.0,5.0,ARG,Positive,0.0
7.0,0.0,0.0,0.0,1.0,3.0,GLY,Non-polar,0.0
6.0,0.0,0.0,0.0,1.0,2.0,GLU,Negative,0.0
0.0,0.0,0.0,0.0,0.0,3.0,ALA,Non-polar,0.0
15.0,0.0,0.0,0.0,0.0,4.0,SER,Polar,0.0
3.0,1.0,0.0,0.0,1.0,2.0,ASP,Negative,0.0
14.0,1.0,0.0,0.0,1.0,3.0,PRO,Non-polar,0.0
2.0,0.0,0.0,0.0,1.0,4.0,ASN,Polar,0.0
3.0,0.0,0.0,0.0,1.0,2.0,ASP,Negative,0.0
7.0,0.0,0.0,0.0,1.0,3.0,GLY,Non-polar,0.0
14.0,0.0,0.0,0.0,1.0,3.0,PRO,Non-polar,0.0
3.0,0.0,0.0,0.0,0.0,2.0,ASP,Negative,0.0
3.0,1.0,0.0,0.0,1.0,2.0,ASP,Negative,0.0
6.0,0.0,0.0,0.0,1.0,2.0,GLU,Negative,0.0
10.0,0.0,0.0,0.0,1.0,1.0,LEU,"Hydrophobic,H-non-aromatic",0.0
2.0,1.0,0.0,0.0,1.0,4.0,ASN,Polar,0.0
4.0,0.0,0.0,0.0,0.0,1.0,CYS,"Hydrophobic,H-non-aromatic",0.0
17.0,0.0,0.0,0.0,0.0,0.0,TRP,"Hydrophobic,H-aromatic",0.0
12.0,0.0,0.0,0.0,1.0,1.0,MET,"Hydrophobic,H-non-aromatic",0.0
10.0,0.0,0.0,0.0,0.0,1.0,LEU,"Hydrophobic,H-non-aromatic",0.0
9.0,0.0,0.0,0.0,0.0,1.0,ILE,"Hydrophobic,H-non-aromatic",0.0
9.0,0.0,0.0,0.0,0.0,1.0,ILE,"Hydrophobic,H-non-aromatic",0.0
10.0,0.0,0.0,0.0,0.0,1.0,LEU,"Hydrophobic,H-non-aromatic",0.0
18.0,0.0,0.0,0.0,0.0,0.0,TYR,"Hydrophobic,H-aromatic",0.0
0.0,1.0,0.0,0.0,1.0,3.0,ALA,Non-polar,0.0
3.0,1.0,0.0,0.0,1.0,2.0,ASP,Negative,0.0
9.0,0.0,0.0,0.0,1.0,1.0,ILE,"Hydrophobic,H-non-aromatic",0.0
11.0,0.0,0.0,0.0,1.0,5.0,LYS,Positive,0.0
11.0,0.0,0.0,0.0,1.0,5.0,LYS,Positive,0.0
10.0,0.0,0.0,0.0,0.0,1.0,LEU,"Hydrophobic,H-non-aromatic",0.0
10.0,0.0,0.0,0.0,0.0,1.0,LEU,"Hydrophobic,H-non-aromatic",0.0
18.0,0.0,0.0,0.0,0.0,0.0,TYR,"Hydrophobic,H-aromatic",0.0
18.0,0.0,0.0,0.0,0.0,0.0,TYR,"Hydrophobic,H-aromatic",0.0
13.0,0.0,0.0,0.0,0.0,0.0,PHE,"Hydrophobic,H-aromatic",0.0
12.0,0.0,0.0,0.0,0.0,1.0,MET,"Hydrophobic,H-non-aromatic",0.0
18.0,0.0,0.0,0.0,1.0,0.0,TYR,"Hydrophobic,H-aromatic",0.0
5.0,0.0,0.0,0.0,1.0,4.0,GLN,Polar,0.0
8.0,0.0,0.0,0.0,0.0,4.0,HIS,Polar,0.0
8.0,1.0,0.0,0.0,1.0,4.0,HIS,Polar,0.0
10.0,1.0,0.0,0.0,1.0,1.0,LEU,"Hydrophobic,H-non-aromatic",0.0
10.0,0.0,0.0,0.0,0.0,1.0,LEU,"Hydrophobic,H-non-aromatic",0.0
9.0,0.0,0.0,0.0,0.0,1.0,ILE,"Hydrophobic,H-non-aromatic",0.0
11.0,0.0,0.0,0.0,1.0,5.0,LYS,Positive,0.0
5.0,1.0,0.0,0.0,1.0,4.0,GLN,Polar,0.0
10.0,0.0,0.0,0.0,1.0,1.0,LEU,"Hydrophobic,H-non-aromatic",0.0
2.0,0.0,0.0,0.0,1.0,4.0,ASN,Polar,0.0
15.0,0.0,0.0,0.0,1.0,4.0,SER,Polar,0.0
16.0,1.0,0.0,0.0,1.0,4.0,THR,Polar,0.0
10.0,0.0,0.0,0.0,1.0,1.0,LEU,"Hydrophobic,H-non-aromatic",0.0
8.0,0.0,0.0,0.0,0.0,4.0,HIS,Polar,0.0
3.0,0.0,0.0,0.0,1.0,2.0,ASP,Negative,1.0
7.0,0.0,0.0,0.0,0.0,3.0,GLY,Non-polar,0.0
16.0,1.0,0.0,0.0,1.0,4.0,THR,Polar,0.0
2.0,0.0,0.0,0.0,1.0,4.0,ASN,Polar,0.0
19.0,0.0,0.0,0.0,0.0,3.0,VAL,Non-polar,0.0
14.0,0.0,0.0,0.0,0.0,3.0,PRO,Non-polar,0.0
5.0,0.0,0.0,0.0,1.0,4.0,GLN,Polar,0.0
14.0,0.0,0.0,0.0,0.0,3.0,PRO,Non-polar,0.0
6.0,0.0,0.0,0.0,0.0,2.0,GLU,Negative,0.0
16.0,0.0,0.0,0.0,1.0,4.0,THR,Polar,0.0
3.0,0.0,0.0,0.0,1.0,2.0,ASP,Negative,0.0
11.0,0.0,0.0,0.0,1.0,5.0,LYS,Positive,0.0
7.0,1.0,0.0,0.0,1.0,3.0,GLY,Non-polar,0.0
9.0,0.0,0.0,0.0,0.0,1.0,ILE,"Hydrophobic,H-non-aromatic",0.0
19.0,0.0,0.0,0.0,0.0,3.0,VAL,Non-polar,0.0
19.0,0.0,0.0,0.0,1.0,3.0,VAL,Non-polar,0.0
10.0,0.0,0.0,0.0,0.0,1.0,LEU,"Hydrophobic,H-non-aromatic",0.0
8.0,0.0,0.0,0.0,0.0,4.0,HIS,Polar,0.0
18.0,0.0,0.0,0.0,0.0,0.0,TYR,"Hydrophobic,H-aromatic",0.0
2.0,0.0,0.0,0.0,1.0,4.0,ASN,Polar,0.0
6.0,0.0,0.0,0.0,0.0,2.0,GLU,Negative,0.0
1.0,0.0,0.0,0.0,1.0,5.0,ARG,Positive,0.0
6.0,0.0,0.0,0.0,0.0,2.0,GLU,Negative,0.0
15.0,0.0,0.0,0.0,0.0,4.0,SER,Polar,0.0
7.0,1.0,0.0,0.0,1.0,3.0,GLY,Non-polar,0.0
14.0,0.0,0.0,0.0,0.0,3.0,PRO,Non-polar,0.0
2.0,0.0,0.0,0.0,0.0,4.0,ASN,Polar,0.0
3.0,0.0,0.0,0.0,1.0,2.0,ASP,Negative,0.0
6.0,0.0,0.0,0.0,1.0,2.0,GLU,Negative,0.0
15.0,0.0,0.0,0.0,0.0,4.0,SER,Polar,0.0
3.0,0.0,0.0,0.0,1.0,2.0,ASP,Negative,0.0
14.0,1.0,0.0,0.0,1.0,3.0,PRO,Non-polar,0.0
7.0,0.0,0.0,0.0,1.0,3.0,GLY,Non-polar,0.0
11.0,0.0,0.0,0.0,1.0,5.0,LYS,Positive,0.0
9.0,0.0,0.0,0.0,0.0,1.0,ILE,"Hydrophobic,H-non-aromatic",0.0
5.0,0.0,0.0,0.0,0.0,4.0,GLN,Polar,0.0
3.0,0.0,0.0,0.0,0.0,2.0,ASP,Negative,0.0
10.0,0.0,0.0,0.0,0.0,1.0,LEU,"Hydrophobic,H-non-aromatic",0.0
17.0,0.0,0.0,0.0,1.0,0.0,TRP,"Hydrophobic,H-aromatic",0.0
2.0,0.0,0.0,0.0,0.0,4.0,ASN,Polar,0.0
1.0,0.0,0.0,0.0,1.0,5.0,ARG,Positive,0.0
14.0,0.0,0.0,0.0,0.0,3.0,PRO,Non-polar,0.0
16.0,0.0,0.0,0.0,0.0,4.0,THR,Polar,0.0
2.0,0.0,0.0,0.0,0.0,4.0,ASN,Polar,0.0
3.0,1.0,0.0,0.0,1.0,2.0,ASP,Negative,0.0
13.0,0.0,0.0,0.0,0.0,0.0,PHE,"Hydrophobic,H-aromatic",0.0
9.0,0.0,0.0,0.0,1.0,1.0,ILE,"Hydrophobic,H-non-aromatic",0.0
3.0,0.0,0.0,0.0,1.0,2.0,ASP,Negative,0.0
10.0,1.0,0.0,0.0,1.0,1.0,LEU,"Hydrophobic,H-non-aromatic",0.0
10.0,0.0,0.0,0.0,1.0,1.0,LEU,"Hydrophobic,H-non-aromatic",0.0
14.0,0.0,0.0,0.0,0.0,3.0,PRO,Non-polar,0.0
18.0,0.0,0.0,0.0,0.0,0.0,TYR,"Hydrophobic,H-aromatic",0.0
3.0,1.0,0.0,0.0,1.0,2.0,ASP,Negative,0.0
0.0,0.0,0.0,0.0,0.0,3.0,ALA,Non-polar,0.0
0.0,1.0,0.0,0.0,1.0,3.0,ALA,Non-polar,0.0
9.0,0.0,0.0,0.0,0.0,1.0,ILE,"Hydrophobic,H-non-aromatic",0.0
14.0,0.0,0.0,0.0,1.0,3.0,PRO,Non-polar,0.0
14.0,1.0,0.0,0.0,1.0,3.0,PRO,Non-polar,0.0
6.0,0.0,0.0,0.0,1.0,2.0,GLU,Negative,0.0
2.0,0.0,0.0,0.0,1.0,4.0,ASN,Polar,0.0
3.0,1.0,0.0,0.0,1.0,2.0,ASP,Negative,0.0
10.0,0.0,0.0,0.0,0.0,1.0,LEU,"Hydrophobic,H-non-aromatic",0.0
10.0,0.0,0.0,0.0,0.0,1.0,LEU,"Hydrophobic,H-non-aromatic",0.0
3.0,0.0,0.0,0.0,1.0,2.0,ASP,Negative,0.0
5.0,1.0,0.0,0.0,1.0,4.0,GLN,Polar,0.0
7.0,0.0,0.0,0.0,0.0,3.0,GLY,Non-polar,0.0
19.0,0.0,0.0,0.0,0.0,3.0,VAL,Non-polar,0.0
11.0,0.0,0.0,0.0,1.0,5.0,LYS,Positive,0.0
13.0,0.0,0.0,0.0,0.0,0.0,PHE,"Hydrophobic,H-aromatic",0.0
16.0,0.0,0.0,0.0,0.0,4.0,THR,Polar,0.0
16.0,0.0,0.0,0.0,1.0,4.0,THR,Polar,0.0
15.0,1.0,0.0,0.0,1.0,4.0,SER,Polar,0.0
10.0,0.0,0.0,0.0,0.0,1.0,LEU,"Hydrophobic,H-non-aromatic",0.0
19.0,0.0,0.0,0.0,0.0,3.0,VAL,Non-polar,0.0
7.0,0.0,0.0,0.0,1.0,3.0,GLY,Non-polar,0.0
1.0,0.0,0.0,0.0,1.0,5.0,ARG,Positive,0.0
9.0,0.0,0.0,0.0,0.0,1.0,ILE,"Hydrophobic,H-non-aromatic",0.0
19.0,0.0,0.0,0.0,0.0,3.0,VAL,Non-polar,0.0
0.0,0.0,0.0,0.0,0.0,3.0,ALA,Non-polar,0.0
7.0,1.0,0.0,0.0,1.0,3.0,GLY,Non-polar,0.0
9.0,0.0,0.0,0.0,0.0,1.0,ILE,"Hydrophobic,H-non-aromatic",0.0
0.0,0.0,0.0,0.0,1.0,3.0,ALA,Non-polar,0.0
13.0,0.0,0.0,0.0,0.0,0.0,PHE,"Hydrophobic,H-aromatic",0.0
6.0,0.0,0.0,0.0,0.0,2.0,GLU,Negative,0.0
1.0,0.0,0.0,0.0,0.0,5.0,ARG,Positive,0.0
2.0,0.0,0.0,0.0,0.0,4.0,ASN,Polar,0.0
10.0,0.0,0.0,0.0,0.0,1.0,LEU,"Hydrophobic,H-non-aromatic",0.0
19.0,0.0,0.0,0.0,0.0,3.0,VAL,Non-polar,0.0
16.0,0.0,0.0,0.0,0.0,4.0,THR,Polar,0.0
19.0,0.0,0.0,0.0,0.0,3.0,VAL,Non-polar,0.0
0.0,0.0,0.0,0.0,1.0,3.0,ALA,Non-polar,0.0
3.0,0.0,0.0,0.0,1.0,2.0,ASP,Negative,0.0
18.0,0.0,0.0,0.0,1.0,0.0,TYR,"Hydrophobic,H-aromatic",0.0
1.0,1.0,0.0,0.0,1.0,5.0,ARG,Positive,0.0
1.0,0.0,0.0,0.0,1.0,5.0,ARG,Positive,0.0
9.0,0.0,0.0,0.0,0.0,1.0,ILE,"Hydrophobic,H-non-aromatic",0.0
15.0,1.0,0.0,0.0,1.0,4.0,SER,Polar,0.0
15.0,0.0,0.0,0.0,0.0,4.0,SER,Polar,0.0
9.0,0.0,0.0,0.0,1.0,1.0,ILE,"Hydrophobic,H-non-aromatic",0.0
8.0,0.0,0.0,0.0,1.0,4.0,HIS,Polar,0.0
16.0,0.0,0.0,0.0,1.0,4.0,THR,Polar,0.0
16.0,0.0,0.0,0.0,0.0,4.0,THR,Polar,0.0
8.0,0.0,0.0,0.0,0.0,4.0,HIS,Polar,0.0
18.0,0.0,0.0,0.0,0.0,0.0,TYR,"Hydrophobic,H-aromatic",0.0
16.0,0.0,0.0,0.0,1.0,4.0,THR,Polar,0.0
7.0,0.0,0.0,0.0,0.0,3.0,GLY,Non-polar,0.0
5.0,0.0,0.0,0.0,0.0,4.0,GLN,Polar,0.0
18.0,1.0,1.0,0.0,1.0,0.0,TYR,"Hydrophobic,H-aromatic",0.0
9.0,1.0,1.0,0.0,1.0,1.0,ILE,"Hydrophobic,H-non-aromatic",0.0
0.0,0.0,0.0,0.0,1.0,3.0,ALA,Non-polar,0.0
6.0,0.0,0.0,0.0,0.0,2.0,GLU,Negative,0.0
9.0,0.0,0.0,0.0,1.0,1.0,ILE,"Hydrophobic,H-non-aromatic",0.0
13.0,0.0,0.0,0.0,0.0,0.0,PHE,"Hydrophobic,H-aromatic",0.0
6.0,0.0,0.0,0.0,1.0,2.0,GLU,Negative,0.0
9.0,0.0,0.0,0.0,0.0,1.0,ILE,"Hydrophobic,H-non-aromatic",0.0
13.0,0.0,0.0,0.0,0.0,0.0,PHE,"Hydrophobic,H-aromatic",0.0
3.0,0.0,0.0,0.0,0.0,2.0,ASP,Negative,0.0
10.0,0.0,0.0,0.0,0.0,1.0,LEU,"Hydrophobic,H-non-aromatic",0.0
11.0,0.0,0.0,0.0,1.0,5.0,LYS,Positive,0.0
10.0,0.0,0.0,0.0,1.0,1.0,LEU,"Hydrophobic,H-non-aromatic",0.0
9.0,0.0,0.0,0.0,0.0,1.0,ILE,"Hydrophobic,H-non-aromatic",0.0
1.0,0.0,0.0,0.0,0.0,5.0,ARG,Positive,0.0
18.0,0.0,0.0,0.0,0.0,0.0,TYR,"Hydrophobic,H-aromatic",0.0
8.0,1.0,0.0,0.0,1.0,4.0,HIS,Polar,0.0
15.0,0.0,0.0,0.0,0.0,4.0,SER,Polar,0.0
8.0,0.0,0.0,0.0,0.0,4.0,HIS,Polar,0.0
6.0,0.0,0.0,0.0,0.0,2.0,GLU,Negative,0.0
6.0,0.0,0.0,0.0,1.0,2.0,GLU,Negative,0.0
7.0,0.0,0.0,0.0,0.0,3.0,GLY,Non-polar,0.0
14.0,0.0,0.0,0.0,0.0,3.0,PRO,Non-polar,0.0
19.0,0.0,0.0,0.0,0.0,3.0,VAL,Non-polar,0.0
0.0,0.0,0.0,0.0,0.0,3.0,ALA,Non-polar,0.0
14.0,1.0,0.0,0.0,1.0,3.0,PRO,Non-polar,0.0
11.0,0.0,0.0,0.0,1.0,5.0,LYS,Positive,0.0
7.0,0.0,0.0,0.0,1.0,3.0,GLY,Non-polar,0.0
0.0,0.0,0.0,0.0,0.0,3.0,ALA,Non-polar,0.0
0.0,0.0,0.0,0.0,0.0,3.0,ALA,Non-polar,0.0
16.0,0.0,0.0,0.0,1.0,4.0,THR,Polar,0.0
16.0,0.0,0.0,0.0,0.0,4.0,THR,Polar,0.0
0.0,0.0,0.0,0.0,0.0,3.0,ALA,Non-polar,0.0
7.0,1.0,0.0,0.0,1.0,3.0,GLY,Non-polar,0.0
2.0,0.0,0.0,0.0,0.0,4.0,ASN,Polar,0.0
17.0,0.0,0.0,0.0,0.0,0.0,TRP,"Hydrophobic,H-aromatic",0.0
19.0,0.0,0.0,0.0,0.0,3.0,VAL,Non-polar,0.0
19.0,0.0,0.0,0.0,0.0,3.0,VAL,Non-polar,0.0
18.0,0.0,0.0,0.0,0.0,0.0,TYR,"Hydrophobic,H-aromatic",0.0
3.0,1.0,0.0,0.0,1.0,2.0,ASP,Negative,0.0
3.0,0.0,0.0,0.0,0.0,2.0,ASP,Negative,0.0
19.0,0.0,0.0,0.0,0.0,3.0,VAL,Non-polar,0.0
16.0,0.0,0.0,0.0,0.0,4.0,THR,Polar,0.0
6.0,0.0,0.0,0.0,0.0,2.0,GLU,Negative,0.0
1.0,0.0,0.0,0.0,1.0,5.0,ARG,Positive,0.0
0.0,0.0,0.0,0.0,1.0,3.0,ALA,Non-polar,0.0
10.0,0.0,0.0,0.0,0.0,1.0,LEU,"Hydrophobic,H-non-aromatic",0.0
5.0,0.0,0.0,0.0,1.0,4.0,GLN,Polar,0.0
1.0,0.0,0.0,0.0,0.0,5.0,ARG,Positive,0.0
8.0,0.0,0.0,0.0,0.0,4.0,HIS,Polar,0.0
19.0,0.0,0.0,0.0,0.0,3.0,VAL,Non-polar,0.0
0.0,0.0,0.0,0.0,0.0,3.0,ALA,Non-polar,0.0
19.0,0.0,0.0,0.0,0.0,3.0,VAL,Non-polar,0.0
5.0,0.0,0.0,0.0,1.0,4.0,GLN,Polar,0.0
5.0,0.0,0.0,0.0,0.0,4.0,GLN,Polar,0.0
5.0,1.0,0.0,0.0,1.0,4.0,GLN,Polar,0.0
5.0,0.0,0.0,0.0,1.0,4.0,GLN,Polar,0.0
3.0,0.0,0.0,0.0,1.0,2.0,ASP,Negative,0.0
10.0,0.0,0.0,0.0,0.0,1.0,LEU,"Hydrophobic,H-non-aromatic",0.0
10.0,0.0,0.0,0.0,0.0,1.0,LEU,"Hydrophobic,H-non-aromatic",0.0
6.0,0.0,0.0,0.0,1.0,2.0,GLU,Negative,0.0
6.0,1.0,0.0,0.0,1.0,2.0,GLU,Negative,0.0
1.0,0.0,0.0,0.0,0.0,5.0,ARG,Positive,0.0
9.0,0.0,0.0,0.0,0.0,1.0,ILE,"Hydrophobic,H-non-aromatic",0.0
18.0,0.0,0.0,0.0,0.0,0.0,TYR,"Hydrophobic,H-aromatic",0.0
9.0,0.0,0.0,0.0,0.0,1.0,ILE,"Hydrophobic,H-non-aromatic",0.0
15.0,0.0,0.0,0.0,0.0,4.0,SER,Polar,0.0
16.0,0.0,0.0,0.0,1.0,4.0,THR,Polar,0.0
0.0,0.0,0.0,0.0,0.0,3.0,ALA,Non-polar,0.0
18.0,0.0,0.0,0.0,0.0,0.0,TYR,"Hydrophobic,H-aromatic",0.0
6.0,1.0,0.0,0.0,1.0,2.0,GLU,Negative,0.0
1.0,0.0,0.0,0.0,1.0,5.0,ARG,Positive,0.0
15.0,1.0,0.0,0.0,1.0,4.0,SER,Polar,0.0
8.0,0.0,0.0,0.0,0.0,4.0,HIS,Polar,0.0
3.0,0.0,0.0,0.0,0.0,2.0,ASP,Negative,0.0
14.0,0.0,0.0,0.0,0.0,3.0,PRO,Non-polar,0.0
6.0,0.0,0.0,0.0,0.0,2.0,GLU,Negative,0.0
1.0,0.0,0.0,0.0,0.0,5.0,ARG,Positive,0.0
16.0,1.0,0.0,0.0,1.0,4.0,THR,Polar,0.0
17.0,0.0,0.0,0.0,0.0,0.0,TRP,"Hydrophobic,H-aromatic",0.0
7.0,0.0,0.0,0.0,0.0,3.0,GLY,Non-polar,0.0
15.0,1.0,0.0,0.0,1.0,4.0,SER,Polar,0.0
9.0,0.0,0.0,0.0,0.0,1.0,ILE,"Hydrophobic,H-non-aromatic",0.0
5.0,0.0,0.0,0.0,1.0,4.0,GLN,Polar,0.0
7.0,0.0,0.0,0.0,0.0,3.0,GLY,Non-polar,0.0
0.0,0.0,0.0,0.0,1.0,3.0,ALA,Non-polar,0.0
15.0,1.0,0.0,0.0,1.0,4.0,SER,Polar,0.0
5.0,0.0,0.0,0.0,0.0,4.0,GLN,Polar,0.0
3.0,1.0,0.0,0.0,1.0,2.0,ASP,Negative,0.0
14.0,0.0,0.0,0.0,0.0,3.0,PRO,Non-polar,0.0
4.0,0.0,0.0,0.0,0.0,1.0,CYS,"Hydrophobic,H-non-aromatic",0.0
14.0,1.0,0.0,0.0,1.0,3.0,PRO,Non-polar,0.0
6.0,1.0,0.0,0.0,1.0,2.0,GLU,Negative,0.0
19.0,0.0,0.0,0.0,0.0,3.0,VAL,Non-polar,0.0
5.0,0.0,0.0,0.0,1.0,4.0,GLN,Polar,0.0
10.0,1.0,1.0,0.0,1.0,1.0,LEU,"Hydrophobic,H-non-aromatic",0.0
10.0,0.0,0.0,0.0,0.0,1.0,LEU,"Hydrophobic,H-non-aromatic",0.0
2.0,0.0,0.0,0.0,0.0,4.0,ASN,Polar,0.0
10.0,0.0,0.0,0.0,0.0,1.0,LEU,"Hydrophobic,H-non-aromatic",0.0
16.0,0.0,0.0,0.0,1.0,4.0,THR,Polar,0.0
7.0,0.0,0.0,0.0,0.0,3.0,GLY,Non-polar,0.0
15.0,0.0,0.0,0.0,0.0,4.0,SER,Polar,0.0
3.0,1.0,0.0,0.0,1.0,2.0,ASP,Negative,0.0
15.0,0.0,0.0,0.0,0.0,4.0,SER,Polar,0.0
9.0,0.0,0.0,0.0,1.0,1.0,ILE,"Hydrophobic,H-non-aromatic",0.0
0.0,0.0,0.0,0.0,0.0,3.0,ALA,Non-polar,0.0
19.0,0.0,0.0,0.0,0.0,3.0,VAL,Non-polar,0.0
3.0,1.0,0.0,0.0,1.0,2.0,ASP,Negative,0.0
18.0,0.0,0.0,0.0,0.0,0.0,TYR,"Hydrophobic,H-aromatic",0.0
3.0,1.0,0.0,0.0,1.0,2.0,ASP,Negative,0.0
0.0,0.0,0.0,0.0,0.0,3.0,ALA,Non-polar,0.0
13.0,0.0,0.0,0.0,0.0,0.0,PHE,"Hydrophobic,H-aromatic",0.0
14.0,0.0,0.0,0.0,0.0,3.0,PRO,Non-polar,0.0
13.0,0.0,0.0,0.0,0.0,0.0,PHE,"Hydrophobic,H-aromatic",0.0
19.0,1.0,0.0,0.0,1.0,3.0,VAL,Non-polar,0.0
3.0,0.0,0.0,0.0,1.0,2.0,ASP,Negative,0.0
7.0,0.0,0.0,0.0,1.0,3.0,GLY,Non-polar,0.0
16.0,0.0,0.0,0.0,0.0,4.0,THR,Polar,0.0
15.0,0.0,0.0,0.0,0.0,4.0,SER,Polar,0.0
10.0,0.0,0.0,0.0,0.0,1.0,LEU,"Hydrophobic,H-non-aromatic",0.0
19.0,0.0,0.0,0.0,0.0,3.0,VAL,Non-polar,0.0
11.0,0.0,0.0,0.0,1.0,5.0,LYS,Positive,0.0
16.0,0.0,0.0,0.0,0.0,4.0,THR,Polar,0.0
7.0,0.0,0.0,0.0,1.0,3.0,GLY,Non-polar,0.0
6.0,0.0,0.0,0.0,1.0,2.0,GLU,Negative,0.0
19.0,0.0,0.0,0.0,0.0,3.0,VAL,Non-polar,0.0
15.0,1.0,0.0,0.0,1.0,4.0,SER,Polar,0.0
6.0,1.0,0.0,0.0,1.0,2.0,GLU,Negative,0.0
7.0,1.0,0.0,0.0,1.0,3.0,GLY,Non-polar,0.0
14.0,1.0,0.0,0.0,1.0,3.0,PRO,Non-polar,0.0
7.0,0.0,0.0,0.0,0.0,3.0,GLY,Non-polar,0.0
2.0,0.0,0.0,0.0,1.0,4.0,ASN,Polar,0.0
7.0,0.0,0.0,0.0,0.0,3.0,GLY,Non-polar,0.0
6.0,0.0,0.0,0.0,1.0,2.0,GLU,Negative,0.0
19.0,0.0,0.0,0.0,0.0,3.0,VAL,Non-polar,0.0
0.0,1.0,0.0,0.0,1.0,3.0,ALA,Non-polar,0.0
11.0,1.0,0.0,0.0,1.0,5.0,LYS,Positive,0.0
7.0,0.0,0.0,0.0,1.0,3.0,GLY,Non-polar,0.0
10.0,0.0,0.0,0.0,0.0,1.0,LEU,"Hydrophobic,H-non-aromatic",0.0
7.0,0.0,0.0,0.0,1.0,3.0,GLY,Non-polar,1.0
7.0,0.0,0.0,0.0,0.0,3.0,GLY,Non-polar,0.0
6.0,1.0,0.0,0.0,1.0,2.0,GLU,Negative,0.0
10.0,0.0,0.0,0.0,0.0,1.0,LEU,"Hydrophobic,H-non-aromatic",0.0
16.0,0.0,0.0,0.0,0.0,4.0,THR,Polar,0.0
5.0,0.0,0.0,0.0,0.0,4.0,GLN,Polar,0.0
11.0,0.0,0.0,0.0,1.0,5.0,LYS,Positive,0.0
6.0,1.0,0.0,0.0,1.0,2.0,GLU,Negative,0.0
7.0,0.0,0.0,0.0,0.0,3.0,GLY,Non-polar,0.0
14.0,0.0,0.0,0.0,0.0,3.0,PRO,Non-polar,0.0
10.0,0.0,0.0,0.0,0.0,1.0,LEU,"Hydrophobic,H-non-aromatic",1.0
19.0,0.0,0.0,0.0,0.0,3.0,VAL,Non-polar,0.0
1.0,0.0,0.0,0.0,0.0,5.0,ARG,Positive,0.0
19.0,0.0,0.0,0.0,0.0,3.0,VAL,Non-polar,0.0
3.0,1.0,0.0,0.0,1.0,2.0,ASP,Negative,0.0
4.0,0.0,0.0,0.0,0.0,1.0,CYS,"Hydrophobic,H-non-aromatic",0.0
19.0,0.0,0.0,0.0,0.0,3.0,VAL,Non-polar,0.0
16.0,0.0,0.0,0.0,1.0,4.0,THR,Polar,0.0
2.0,0.0,0.0,0.0,0.0,4.0,ASN,Polar,0.0
16.0,0.0,0.0,0.0,1.0,4.0,THR,Polar,0.0
15.0,0.0,0.0,0.0,1.0,4.0,SER,Polar,0.0
11.0,0.0,0.0,0.0,1.0,5.0,LYS,Positive,0.0
18.0,0.0,0.0,0.0,0.0,0.0,TYR,"Hydrophobic,H-aromatic",0.0
11.0,1.0,0.0,0.0,1.0,5.0,LYS,Positive,0.0
6.0,0.0,0.0,0.0,1.0,2.0,GLU,Negative,0.0
7.0,0.0,0.0,0.0,0.0,3.0,GLY,Non-polar,0.0
16.0,0.0,0.0,0.0,1.0,4.0,THR,Polar,0.0
8.0,0.0,0.0,0.0,0.0,4.0,HIS,Polar,0.0
16.0,0.0,0.0,0.0,0.0,4.0,THR,Polar,0.0
7.0,0.0,0.0,0.0,1.0,3.0,GLY,Non-polar,0.0
11.0,0.0,0.0,0.0,1.0,5.0,LYS,Positive,0.0
10.0,0.0,0.0,0.0,0.0,1.0,LEU,"Hydrophobic,H-non-aromatic",0.0
15.0,1.0,0.0,0.0,1.0,4.0,SER,Polar,0.0
6.0,0.0,0.0,0.0,1.0,2.0,GLU,Negative,0.0
10.0,0.0,0.0,0.0,0.0,1.0,LEU,"Hydrophobic,H-non-aromatic",0.0
14.0,0.0,0.0,0.0,0.0,3.0,PRO,Non-polar,0.0
18.0,0.0,0.0,0.0,0.0,0.0,TYR,"Hydrophobic,H-aromatic",0.0
10.0,0.0,0.0,0.0,0.0,1.0,LEU,"Hydrophobic,H-non-aromatic",0.0
7.0,0.0,0.0,0.0,0.0,3.0,GLY,Non-polar,0.0
10.0,0.0,0.0,0.0,0.0,1.0,LEU,"Hydrophobic,H-non-aromatic",0.0
3.0,1.0,0.0,0.0,1.0,2.0,ASP,Negative,0.0
0.0,1.0,0.0,0.0,1.0,3.0,ALA,Non-polar,0.0
19.0,0.0,0.0,0.0,0.0,3.0,VAL,Non-polar,0.0
10.0,0.0,0.0,0.0,0.0,1.0,LEU,"Hydrophobic,H-non-aromatic",0.0
6.0,1.0,0.0,0.0,1.0,2.0,GLU,Negative,0.0
15.0,0.0,0.0,0.0,0.0,4.0,SER,Polar,0.0
10.0,0.0,0.0,0.0,0.0,1.0,LEU,"Hydrophobic,H-non-aromatic",0.0
1.0,0.0,0.0,0.0,1.0,5.0,ARG,Positive,0.0
19.0,0.0,0.0,0.0,1.0,3.0,VAL,Non-polar,0.0
2.0,0.0,0.0,0.0,1.0,4.0,ASN,Polar,0.0
6.0,0.0,0.0,0.0,1.0,2.0,GLU,Negative,0.0
13.0,1.0,1.0,0.0,1.0,0.0,PHE,"Hydrophobic,H-aromatic",0.0
7.0,1.0,0.0,0.0,0.0,3.0,GLY,Non-polar,0.0
10.0,0.0,0.0,0.0,0.0,1.0,LEU,"Hydrophobic,H-non-aromatic",0.0
17.0,0.0,0.0,0.0,0.0,0.0,TRP,"Hydrophobic,H-aromatic",0.0
13.0,0.0,0.0,0.0,0.0,0.0,PHE,"Hydrophobic,H-aromatic",0.0
15.0,0.0,0.0,0.0,1.0,4.0,SER,Polar,0.0
13.0,0.0,0.0,0.0,0.0,0.0,PHE,"Hydrophobic,H-aromatic",0.0
17.0,0.0,0.0,0.0,1.0,0.0,TRP,"Hydrophobic,H-aromatic",0.0
7.0,0.0,0.0,0.0,0.0,3.0,GLY,Non-polar,0.0
17.0,0.0,0.0,0.0,1.0,0.0,TRP,"Hydrophobic,H-aromatic",0.0
18.0,1.0,1.0,0.0,1.0,0.0,TYR,"Hydrophobic,H-aromatic",0.0
8.0,0.0,0.0,0.0,1.0,4.0,HIS,Polar,0.0
10.0,0.0,0.0,0.0,0.0,1.0,LEU,"Hydrophobic,H-non-aromatic",0.0
6.0,0.0,0.0,0.0,0.0,2.0,GLU,Negative,0.0
5.0,0.0,0.0,0.0,1.0,4.0,GLN,Polar,0.0
0.0,0.0,0.0,0.0,1.0,3.0,ALA,Non-polar,0.0
10.0,0.0,0.0,0.0,1.0,1.0,LEU,"Hydrophobic,H-non-aromatic",0.0
15.0,0.0,0.0,0.0,0.0,4.0,SER,Polar,0.0
10.0,0.0,0.0,0.0,0.0,1.0,LEU,"Hydrophobic,H-non-aromatic",0.0
19.0,0.0,0.0,0.0,0.0,3.0,VAL,Non-polar,0.0
16.0,0.0,0.0,0.0,1.0,4.0,THR,Polar,0.0
15.0,0.0,0.0,0.0,0.0,4.0,SER,Polar,0.0
0.0,0.0,0.0,0.0,0.0,3.0,ALA,Non-polar,0.0
6.0,0.0,0.0,0.0,1.0,2.0,GLU,Negative,0.0
0.0,0.0,0.0,0.0,0.0,3.0,ALA,Non-polar,0.0
10.0,0.0,0.0,0.0,1.0,1.0,LEU,"Hydrophobic,H-non-aromatic",0.0
0.0,1.0,0.0,0.0,1.0,3.0,ALA,Non-polar,0.0
15.0,0.0,0.0,0.0,0.0,4.0,SER,Polar,0.0
18.0,0.0,0.0,0.0,1.0,0.0,TYR,"Hydrophobic,H-aromatic",0.0
7.0,0.0,0.0,0.0,0.0,3.0,GLY,Non-polar,0.0
10.0,0.0,0.0,0.0,0.0,1.0,LEU,"Hydrophobic,H-non-aromatic",0.0
11.0,1.0,0.0,0.0,1.0,5.0,LYS,Positive,0.0
11.0,0.0,0.0,0.0,1.0,5.0,LYS,Positive,0.0
18.0,0.0,0.0,0.0,0.0,0.0,TYR,"Hydrophobic,H-aromatic",0.0
15.0,0.0,0.0,0.0,0.0,4.0,SER,Polar,0.0
3.0,1.0,0.0,0.0,1.0,2.0,ASP,Negative,0.0
18.0,0.0,0.0,0.0,1.0,0.0,TYR,"Hydrophobic,H-aromatic",0.0
0.0,1.0,0.0,0.0,1.0,3.0,ALA,Non-polar,0.0
10.0,0.0,0.0,0.0,0.0,1.0,LEU,"Hydrophobic,H-non-aromatic",0.0
0.0,0.0,0.0,0.0,0.0,3.0,ALA,Non-polar,0.0
0.0,0.0,0.0,0.0,0.0,3.0,ALA,Non-polar,0.0
0.0,0.0,0.0,0.0,0.0,3.0,ALA,Non-polar,0.0
18.0,0.0,0.0,0.0,0.0,0.0,TYR,"Hydrophobic,H-aromatic",0.0
0.0,0.0,0.0,0.0,0.0,3.0,ALA,Non-polar,0.0
2.0,0.0,0.0,0.0,0.0,4.0,ASN,Polar,0.0
15.0,0.0,0.0,0.0,0.0,4.0,SER,Polar,0.0
7.0,0.0,0.0,0.0,0.0,3.0,GLY,Non-polar,0.0
18.0,1.0,1.0,0.0,1.0,0.0,TYR,"Hydrophobic,H-aromatic",0.0
6.0,0.0,0.0,0.0,0.0,2.0,GLU,Negative,0.0
18.0,0.0,0.0,0.0,0.0,0.0,TYR,"Hydrophobic,H-aromatic",0.0
15.0,0.0,0.0,0.0,0.0,4.0,SER,Polar,0.0
16.0,1.0,0.0,0.0,1.0,4.0,THR,Polar,0.0
3.0,0.0,0.0,0.0,1.0,2.0,ASP,Negative,0.0
5.0,0.0,0.0,0.0,1.0,4.0,GLN,Polar,0.0
6.0,0.0,0.0,0.0,0.0,2.0,GLU,Negative,0.0
12.0,0.0,0.0,0.0,0.0,1.0,MET,"Hydrophobic,H-non-aromatic",0.0
11.0,0.0,0.0,0.0,1.0,5.0,LYS,Positive,0.0
11.0,1.0,0.0,0.0,1.0,5.0,LYS,Positive,0.0
15.0,0.0,0.0,0.0,0.0,4.0,SER,Polar,0.0
10.0,0.0,0.0,0.0,1.0,1.0,LEU,"Hydrophobic,H-non-aromatic",0.0
18.0,0.0,0.0,0.0,0.0,0.0,TYR,"Hydrophobic,H-aromatic",0.0
10.0,0.0,0.0,0.0,0.0,1.0,LEU,"Hydrophobic,H-non-aromatic",0.0
6.0,1.0,0.0,0.0,1.0,2.0,GLU,Negative,0.0
10.0,0.0,0.0,0.0,0.0,1.0,LEU,"Hydrophobic,H-non-aromatic",0.0
3.0,0.0,0.0,0.0,1.0,2.0,ASP,Negative,0.0
8.0,0.0,0.0,0.0,0.0,4.0,HIS,Polar,0.0
19.0,0.0,0.0,0.0,0.0,3.0,VAL,Non-polar,0.0
15.0,0.0,0.0,0.0,0.0,4.0,SER,Polar,0.0
11.0,0.0,0.0,0.0,1.0,5.0,LYS,Positive,0.0
9.0,0.0,0.0,0.0,0.0,1.0,ILE,"Hydrophobic,H-non-aromatic",0.0
15.0,0.0,0.0,0.0,0.0,4.0,SER,Polar,0.0
15.0,1.0,0.0,0.0,1.0,4.0,SER,Polar,0.0
19.0,0.0,0.0,0.0,0.0,3.0,VAL,Non-polar,0.0
12.0,0.0,0.0,0.0,0.0,1.0,MET,"Hydrophobic,H-non-aromatic",0.0
7.0,1.0,0.0,0.0,1.0,3.0,GLY,Non-polar,0.0
0.0,0.0,0.0,0.0,0.0,3.0,ALA,Non-polar,0.0
4.0,0.0,0.0,0.0,0.0,1.0,CYS,"Hydrophobic,H-non-aromatic",0.0
18.0,0.0,0.0,0.0,0.0,0.0,TYR,"Hydrophobic,H-aromatic",0.0
2.0,1.0,0.0,0.0,1.0,4.0,ASN,Polar,0.0
15.0,0.0,0.0,0.0,0.0,4.0,SER,Polar,0.0
6.0,1.0,0.0,0.0,1.0,2.0,GLU,Negative,0.0
8.0,0.0,0.0,0.0,0.0,4.0,HIS,Polar,0.0
0.0,0.0,0.0,0.0,0.0,3.0,ALA,Non-polar,0.0
16.0,0.0,0.0,0.0,1.0,4.0,THR,Polar,0.0
5.0,1.0,0.0,0.0,1.0,4.0,GLN,Polar,0.0
16.0,0.0,0.0,0.0,0.0,4.0,THR,Polar,0.0
11.0,0.0,0.0,0.0,1.0,5.0,LYS,Positive,0.0
14.0,1.0,0.0,0.0,1.0,3.0,PRO,Non-polar,0.0
17.0,0.0,0.0,0.0,0.0,0.0,TRP,"Hydrophobic,H-aromatic",0.0
13.0,0.0,0.0,0.0,0.0,0.0,PHE,"Hydrophobic,H-aromatic",0.0
10.0,0.0,0.0,0.0,1.0,1.0,LEU,"Hydrophobic,H-non-aromatic",0.0
8.0,0.0,0.0,0.0,0.0,4.0,HIS,Polar,0.0
0.0,0.0,0.0,0.0,0.0,3.0,ALA,Non-polar,0.0
7.0,0.0,0.0,0.0,0.0,3.0,GLY,Non-polar,0.0
0.0,0.0,0.0,0.0,0.0,3.0,ALA,Non-polar,0.0
16.0,1.0,0.0,0.0,1.0,4.0,THR,Polar,0.0
3.0,1.0,0.0,0.0,1.0,2.0,ASP,Negative,0.0
3.0,0.0,0.0,0.0,0.0,2.0,ASP,Negative,0.0
19.0,0.0,0.0,0.0,1.0,3.0,VAL,Non-polar,0.0
2.0,0.0,0.0,0.0,1.0,4.0,ASN,Polar,0.0
2.0,0.0,0.0,0.0,1.0,4.0,ASN,Polar,0.0
2.0,0.0,0.0,0.0,0.0,4.0,ASN,Polar,0.0
16.0,1.0,0.0,0.0,1.0,4.0,THR,Polar,0.0
0.0,0.0,0.0,0.0,0.0,3.0,ALA,Non-polar,0.0
10.0,0.0,0.0,0.0,0.0,1.0,LEU,"Hydrophobic,H-non-aromatic",0.0
18.0,0.0,0.0,0.0,1.0,0.0,TYR,"Hydrophobic,H-aromatic",0.0
2.0,0.0,0.0,0.0,1.0,4.0,ASN,Polar,0.0
15.0,0.0,0.0,0.0,0.0,4.0,SER,Polar,0.0
3.0,1.0,0.0,0.0,1.0,2.0,ASP,Negative,0.0
11.0,0.0,0.0,0.0,1.0,5.0,LYS,Positive,0.0
16.0,0.0,0.0,0.0,0.0,4.0,THR,Polar,0.0
6.0,0.0,0.0,0.0,0.0,2.0,GLU,Negative,0.0
7.0,1.0,0.0,0.0,1.0,3.0,GLY,Non-polar,0.0
9.0,0.0,0.0,0.0,0.0,1.0,ILE,"Hydrophobic,H-non-aromatic",0.0
10.0,0.0,0.0,0.0,0.0,1.0,LEU,"Hydrophobic,H-non-aromatic",0.0
11.0,0.0,0.0,0.0,0.0,5.0,LYS,Positive,0.0
4.0,0.0,0.0,0.0,0.0,1.0,CYS,"Hydrophobic,H-non-aromatic",0.0
10.0,0.0,0.0,0.0,0.0,1.0,LEU,"Hydrophobic,H-non-aromatic",0.0
1.0,0.0,0.0,0.0,1.0,5.0,ARG,Positive,0.0
5.0,0.0,0.0,0.0,0.0,4.0,GLN,Polar,0.0
6.0,1.0,0.0,0.0,1.0,2.0,GLU,Negative,0.0
6.0,0.0,0.0,0.0,1.0,2.0,GLU,Negative,0.0
16.0,0.0,0.0,0.0,0.0,4.0,THR,Polar,0.0
14.0,0.0,0.0,0.0,1.0,3.0,PRO,Non-polar,0.0
15.0,0.0,0.0,0.0,0.0,4.0,SER,Polar,0.0
7.0,1.0,0.0,0.0,1.0,3.0,GLY,Non-polar,0.0
7.0,1.0,0.0,0.0,1.0,3.0,GLY,Non-polar,0.0
11.0,0.0,0.0,0.0,1.0,5.0,LYS,Positive,0.0
10.0,0.0,0.0,0.0,0.0,1.0,LEU,"Hydrophobic,H-non-aromatic",0.0
9.0,0.0,0.0,0.0,0.0,1.0,ILE,"Hydrophobic,H-non-aromatic",0.0
7.0,0.0,0.0,0.0,1.0,3.0,GLY,Non-polar,0.0
12.0,0.0,0.0,0.0,1.0,1.0,MET,"Hydrophobic,H-non-aromatic",0.0
18.0,0.0,0.0,0.0,0.0,0.0,TYR,"Hydrophobic,H-aromatic",0.0
13.0,0.0,0.0,0.0,0.0,0.0,PHE,"Hydrophobic,H-aromatic",0.0
13.0,0.0,0.0,0.0,0.0,0.0,PHE,"Hydrophobic,H-aromatic",0.0
3.0,0.0,0.0,0.0,0.0,2.0,ASP,Negative,0.0
19.0,0.0,0.0,0.0,0.0,3.0,VAL,Non-polar,0.0
2.0,1.0,0.0,0.0,1.0,4.0,ASN,Polar,0.0
0.0,0.0,0.0,0.0,1.0,3.0,ALA,Non-polar,0.0
7.0,0.0,0.0,0.0,1.0,3.0,GLY,Non-polar,0.0
10.0,0.0,0.0,0.0,0.0,1.0,LEU,"Hydrophobic,H-non-aromatic",0.0
13.0,0.0,0.0,0.0,0.0,0.0,PHE,"Hydrophobic,H-aromatic",0.0
11.0,0.0,0.0,0.0,1.0,5.0,LYS,Positive,0.0
1.0,0.0,0.0,0.0,1.0,5.0,ARG,Positive,0.0
11.0,1.0,0.0,0.0,1.0,5.0,LYS,Positive,0.0
3.0,0.0,0.0,0.0,1.0,2.0,ASP,Negative,0.0
16.0,0.0,0.0,0.0,0.0,4.0,THR,Polar,0.0
10.0,0.0,0.0,0.0,0.0,1.0,LEU,"Hydrophobic,H-non-aromatic",0.0
2.0,0.0,0.0,0.0,1.0,4.0,ASN,Polar,0.0
0.0,0.0,0.0,0.0,0.0,3.0,ALA,Non-polar,0.0
14.0,0.0,0.0,0.0,0.0,3.0,PRO,Non-polar,0.0
9.0,0.0,0.0,0.0,0.0,1.0,ILE,"Hydrophobic,H-non-aromatic",0.0
14.0,1.0,0.0,0.0,1.0,3.0,PRO,Non-polar,0.0
9.0,0.0,0.0,0.0,0.0,1.0,ILE,"Hydrophobic,H-non-aromatic",0.0
10.0,0.0,0.0,0.0,0.0,1.0,LEU,"Hydrophobic,H-non-aromatic",0.0
18.0,0.0,0.0,0.0,0.0,0.0,TYR,"Hydrophobic,H-aromatic",0.0
3.0,0.0,0.0,0.0,0.0,2.0,ASP,Negative,0.0
14.0,0.0,0.0,0.0,0.0,3.0,PRO,Non-polar,0.0
5.0,0.0,0.0,0.0,1.0,4.0,GLN,Polar,0.0
11.0,0.0,0.0,0.0,1.0,5.0,LYS,Positive,0.0
9.0,0.0,0.0,0.0,0.0,1.0,ILE,"Hydrophobic,H-non-aromatic",0.0
3.0,0.0,0.0,0.0,0.0,2.0,ASP,Negative,0.0
19.0,0.0,0.0,0.0,0.0,3.0,VAL,Non-polar,0.0
17.0,0.0,0.0,0.0,1.0,0.0,TRP,"Hydrophobic,H-aromatic",0.0
7.0,1.0,0.0,0.0,1.0,3.0,GLY,Non-polar,0.0
15.0,0.0,0.0,0.0,0.0,4.0,SER,Polar,0.0
9.0,0.0,0.0,0.0,0.0,1.0,ILE,"Hydrophobic,H-non-aromatic",0.0
1.0,0.0,0.0,0.0,0.0,5.0,ARG,Positive,0.0
2.0,0.0,0.0,0.0,0.0,4.0,ASN,Polar,0.0
7.0,1.0,0.0,0.0,1.0,3.0,GLY,Non-polar,0.0
18.0,0.0,0.0,0.0,1.0,0.0,TYR,"Hydrophobic,H-aromatic",0.0
1.0,0.0,0.0,0.0,1.0,5.0,ARG,Positive,0.0
16.0,0.0,0.0,0.0,0.0,4.0,THR,Polar,0.0
10.0,0.0,0.0,0.0,0.0,1.0,LEU,"Hydrophobic,H-non-aromatic",0.0
11.0,0.0,0.0,0.0,1.0,5.0,LYS,Positive,0.0
15.0,1.0,0.0,0.0,1.0,4.0,SER,Polar,0.0
7.0,0.0,0.0,0.0,0.0,3.0,GLY,Non-polar,0.0
11.0,1.0,0.0,0.0,1.0,5.0,LYS,Positive,0.0
1.0,0.0,0.0,0.0,0.0,5.0,ARG,Positive,0.0
19.0,0.0,0.0,0.0,0.0,3.0,VAL,Non-polar,0.0
6.0,0.0,0.0,0.0,1.0,2.0,GLU,Negative,0.0
9.0,0.0,0.0,0.0,0.0,1.0,ILE,"Hydrophobic,H-non-aromatic",0.0
17.0,0.0,0.0,0.0,0.0,0.0,TRP,"Hydrophobic,H-aromatic",0.0
8.0,0.0,0.0,0.0,1.0,4.0,HIS,Polar,0.0
9.0,0.0,0.0,0.0,0.0,1.0,ILE,"Hydrophobic,H-non-aromatic",1.0
10.0,0.0,0.0,0.0,0.0,1.0,LEU,"Hydrophobic,H-non-aromatic",0.0
18.0,0.0,0.0,0.0,0.0,0.0,TYR,"Hydrophobic,H-aromatic",0.0
11.0,1.0,0.0,0.0,1.0,5.0,LYS,Positive,0.0
10.0,0.0,0.0,0.0,0.0,1.0,LEU,"Hydrophobic,H-non-aromatic",1.0
15.0,1.0,0.0,0.0,1.0,4.0,SER,Polar,0.0
11.0,0.0,0.0,0.0,1.0,5.0,LYS,Positive,0.0
9.0,0.0,0.0,0.0,0.0,1.0,ILE,"Hydrophobic,H-non-aromatic",0.0
6.0,0.0,0.0,0.0,1.0,2.0,GLU,Negative,0.0
7.0,0.0,0.0,0.0,0.0,3.0,GLY,Non-polar,0.0
1.0,0.0,0.0,0.0,1.0,5.0,ARG,Positive,0.0
1.0,0.0,0.0,0.0,1.0,5.0,ARG,Positive,0.0
7.0,0.0,0.0,0.0,0.0,3.0,GLY,Non-polar,0.0
10.0,0.0,0.0,0.0,0.0,1.0,LEU,"Hydrophobic,H-non-aromatic",0.0
19.0,0.0,0.0,0.0,0.0,3.0,VAL,Non-polar,0.0
11.0,0.0,0.0,0.0,0.0,5.0,LYS,Positive,0.0
0.0,1.0,0.0,0.0,1.0,3.0,ALA,Non-polar,0.0
2.0,1.0,0.0,0.0,1.0,4.0,ASN,Polar,0.0
16.0,0.0,0.0,0.0,0.0,4.0,THR,Polar,0.0
6.0,1.0,0.0,0.0,1.0,2.0,GLU,Negative,0.0
6.0,0.0,0.0,0.0,1.0,2.0,GLU,Negative,0.0
18.0,0.0,0.0,0.0,1.0,0.0,TYR,"Hydrophobic,H-aromatic",0.0
3.0,0.0,0.0,0.0,0.0,2.0,ASP,Negative,0.0
10.0,0.0,0.0,0.0,0.0,1.0,LEU,"Hydrophobic,H-non-aromatic",0.0
2.0,1.0,0.0,0.0,1.0,4.0,ASN,Polar,0.0
15.0,0.0,0.0,0.0,0.0,4.0,SER,Polar,0.0
8.0,1.0,0.0,0.0,1.0,4.0,HIS,Polar,0.0
7.0,0.0,0.0,0.0,0.0,3.0,GLY,Non-polar,0.0
9.0,0.0,0.0,0.0,0.0,1.0,ILE,"Hydrophobic,H-non-aromatic",0.0
11.0,0.0,0.0,0.0,1.0,5.0,LYS,Positive,0.0
18.0,0.0,0.0,0.0,0.0,0.0,TYR,"Hydrophobic,H-aromatic",0.0
6.0,0.0,0.0,0.0,0.0,2.0,GLU,Negative,0.0
10.0,0.0,0.0,0.0,0.0,1.0,LEU,"Hydrophobic,H-non-aromatic",0.0
1.0,0.0,0.0,0.0,0.0,5.0,ARG,Positive,0.0
9.0,0.0,0.0,0.0,0.0,1.0,ILE,"Hydrophobic,H-non-aromatic",0.0
1.0,0.0,0.0,0.0,0.0,5.0,ARG,Positive,0.0
11.0,0.0,0.0,0.0,0.0,5.0,LYS,Positive,0.0
11.0,1.0,0.0,0.0,1.0,5.0,LYS,Positive,0.0
6.0,0.0,0.0,0.0,0.0,2.0,GLU,Negative,0.0
11.0,0.0,0.0,0.0,0.0,5.0,LYS,Positive,0.0
9.0,0.0,0.0,0.0,0.0,1.0,ILE,"Hydrophobic,H-non-aromatic",0.0
15.0,0.0,0.0,0.0,0.0,4.0,SER,Polar,0.0
3.0,1.0,0.0,0.0,1.0,2.0,ASP,Negative,0.0
7.0,1.0,0.0,0.0,1.0,3.0,GLY,Non-polar,0.0
7.0,0.0,0.0,0.0,0.0,3.0,GLY,Non-polar,0.0
11.0,1.0,0.0,0.0,1.0,5.0,LYS,Positive,0.0
6.0,1.0,0.0,0.0,1.0,2.0,GLU,Negative,0.0
1.0,0.0,0.0,0.0,0.0,5.0,ARG,Positive,0.0
8.0,0.0,0.0,0.0,0.0,4.0,HIS,Polar,0.0
7.0,0.0,0.0,0.0,0.0,3.0,GLY,Non-polar,0.0
1.0,0.0,0.0,0.0,1.0,5.0,ARG,Positive,0.0
3.0,0.0,0.0,0.0,0.0,2.0,ASP,Negative,0.0
6.0,1.0,0.0,0.0,1.0,2.0,GLU,Negative,0.0
9.0,0.0,0.0,0.0,0.0,1.0,ILE,"Hydrophobic,H-non-aromatic",0.0
7.0,0.0,0.0,0.0,1.0,3.0,GLY,Non-polar,0.0
14.0,1.0,0.0,0.0,1.0,3.0,PRO,Non-polar,0.0
19.0,0.0,0.0,0.0,0.0,3.0,VAL,Non-polar,0.0
9.0,0.0,0.0,0.0,0.0,1.0,ILE,"Hydrophobic,H-non-aromatic",0.0
3.0,1.0,0.0,0.0,1.0,2.0,ASP,Negative,0.0
11.0,1.0,0.0,0.0,1.0,5.0,LYS,Positive,0.0
5.0,0.0,0.0,0.0,1.0,4.0,GLN,Polar,0.0
19.0,0.0,0.0,0.0,0.0,3.0,VAL,Non-polar,0.0
16.0,0.0,0.0,0.0,1.0,4.0,THR,Polar,0.0
4.0,1.0,1.0,1.0,1.0,1.0,CYS,"Hydrophobic,H-non-aromatic",0.0
2.0,0.0,0.0,0.0,1.0,4.0,ASN,Polar,0.0
19.0,0.0,0.0,0.0,0.0,3.0,VAL,Non-polar,0.0
6.0,0.0,0.0,0.0,0.0,2.0,GLU,Negative,0.0
17.0,0.0,0.0,0.0,0.0,0.0,TRP,"Hydrophobic,H-aromatic",0.0
10.0,0.0,0.0,0.0,1.0,1.0,LEU,"Hydrophobic,H-non-aromatic",0.0
7.0,0.0,0.0,0.0,1.0,3.0,GLY,Non-polar,0.0
5.0,0.0,0.0,0.0,0.0,4.0,GLN,Polar,0.0
18.0,0.0,0.0,0.0,1.0,0.0,TYR,"Hydrophobic,H-aromatic",0.0
11.0,0.0,0.0,0.0,1.0,5.0,LYS,Positive,0.0
16.0,0.0,0.0,0.0,1.0,4.0,THR,Polar,0.0
8.0,0.0,0.0,0.0,0.0,4.0,HIS,Polar,0.0
3.0,0.0,0.0,0.0,1.0,2.0,ASP,Negative,0.0
0.0,0.0,0.0,0.0,0.0,3.0,ALA,Non-polar,0.0
10.0,0.0,0.0,0.0,0.0,1.0,LEU,"Hydrophobic,H-non-aromatic",0.0
5.0,1.0,0.0,0.0,1.0,4.0,GLN,Polar,0.0
15.0,0.0,0.0,0.0,1.0,4.0,SER,Polar,0.0
7.0,0.0,0.0,0.0,1.0,3.0,GLY,Non-polar,0.0
0.0,0.0,0.0,0.0,0.0,3.0,ALA,Non-polar,0.0
7.0,0.0,0.0,0.0,1.0,3.0,GLY,Non-polar,0.0
15.0,0.0,0.0,0.0,0.0,4.0,SER,Polar,0.0
17.0,0.0,0.0,0.0,0.0,0.0,TRP,"Hydrophobic,H-aromatic",0.0
14.0,0.0,0.0,0.0,0.0,3.0,PRO,Non-polar,0.0
16.0,1.0,0.0,0.0,1.0,4.0,THR,Polar,0.0
2.0,0.0,0.0,0.0,1.0,4.0,ASN,Polar,0.0
16.0,0.0,0.0,0.0,1.0,4.0,THR,Polar,0.0
8.0,1.0,0.0,0.0,1.0,4.0,HIS,Polar,0.0
11.0,1.0,0.0,0.0,1.0,5.0,LYS,Positive,0.0
15.0,0.0,0.0,0.0,1.0,4.0,SER,Polar,0.0
13.0,0.0,0.0,0.0,0.0,0.0,PHE,"Hydrophobic,H-aromatic",0.0
0.0,1.0,0.0,0.0,1.0,3.0,ALA,Non-polar,0.0
13.0,0.0,0.0,0.0,0.0,0.0,PHE,"Hydrophobic,H-aromatic",0.0
13.0,0.0,0.0,0.0,0.0,0.0,PHE,"Hydrophobic,H-aromatic",0.0
10.0,0.0,0.0,0.0,0.0,1.0,LEU,"Hydrophobic,H-non-aromatic",0.0
6.0,1.0,0.0,0.0,1.0,2.0,GLU,Negative,0.0
9.0,0.0,0.0,0.0,0.0,1.0,ILE,"Hydrophobic,H-non-aromatic",0.0
8.0,0.0,0.0,0.0,0.0,4.0,HIS,Polar,0.0
18.0,0.0,0.0,0.0,0.0,0.0,TYR,"Hydrophobic,H-aromatic",0.0
10.0,0.0,0.0,0.0,0.0,1.0,LEU,"Hydrophobic,H-non-aromatic",0.0
0.0,1.0,0.0,0.0,1.0,3.0,ALA,Non-polar,0.0
11.0,0.0,0.0,0.0,1.0,5.0,LYS,Positive,0.0
6.0,0.0,0.0,0.0,0.0,2.0,GLU,Negative,0.0
6.0,0.0,0.0,0.0,1.0,2.0,GLU,Negative,0.0
9.0,0.0,0.0,0.0,0.0,1.0,ILE,"Hydrophobic,H-non-aromatic",0.0
3.0,0.0,0.0,0.0,1.0,2.0,ASP,Negative,0.0
7.0,0.0,0.0,0.0,1.0,3.0,GLY,Non-polar,0.0
16.0,0.0,0.0,0.0,0.0,4.0,THR,Polar,0.0
19.0,0.0,0.0,0.0,0.0,3.0,VAL,Non-polar,0.0
3.0,0.0,0.0,0.0,0.0,2.0,ASP,Negative,0.0
17.0,0.0,0.0,0.0,0.0,0.0,TRP,"Hydrophobic,H-aromatic",0.0
10.0,0.0,0.0,0.0,0.0,1.0,LEU,"Hydrophobic,H-non-aromatic",0.0
19.0,0.0,0.0,0.0,0.0,3.0,VAL,Non-polar,0.0
9.0,0.0,0.0,0.0,0.0,1.0,ILE,"Hydrophobic,H-non-aromatic",0.0
11.0,0.0,0.0,0.0,1.0,5.0,LYS,Positive,0.0
2.0,1.0,0.0,0.0,1.0,4.0,ASN,Polar,0.0
7.0,0.0,0.0,0.0,1.0,3.0,GLY,Non-polar,0.0
14.0,0.0,0.0,0.0,1.0,3.0,PRO,Non-polar,0.0
19.0,0.0,0.0,0.0,0.0,3.0,VAL,Non-polar,0.0
19.0,0.0,0.0,0.0,0.0,3.0,VAL,Non-polar,0.0
6.0,0.0,0.0,0.0,0.0,2.0,GLU,Negative,0.0
15.0,0.0,0.0,0.0,0.0,4.0,SER,Polar,0.0
2.0,0.0,0.0,0.0,0.0,4.0,ASN,Polar,0.0
13.0,0.0,0.0,0.0,0.0,0.0,PHE,"Hydrophobic,H-aromatic",0.0
14.0,1.0,0.0,0.0,1.0,3.0,PRO,Non-polar,0.0
1.0,0.0,0.0,0.0,0.0,5.0,ARG,Positive,0.0
10.0,0.0,0.0,0.0,0.0,1.0,LEU,"Hydrophobic,H-non-aromatic",0.0
16.0,0.0,0.0,0.0,0.0,4.0,THR,Polar,0.0
6.0,1.0,0.0,0.0,1.0,2.0,GLU,Negative,0.0
4.0,0.0,0.0,0.0,0.0,1.0,CYS,"Hydrophobic,H-non-aromatic",0.0
11.0,0.0,0.0,0.0,1.0,5.0,LYS,Positive,0.0
6.0,0.0,0.0,0.0,1.0,2.0,GLU,Negative,0.0
19.0,0.0,0.0,0.0,0.0,3.0,VAL,Non-polar,0.0
17.0,0.0,0.0,0.0,1.0,0.0,TRP,"Hydrophobic,H-aromatic",0.0
0.0,0.0,0.0,0.0,0.0,3.0,ALA,Non-polar,0.0
12.0,0.0,0.0,0.0,0.0,1.0,MET,"Hydrophobic,H-non-aromatic",0.0
16.0,0.0,0.0,0.0,0.0,4.0,THR,Polar,0.0
6.0,0.0,0.0,0.0,0.0,2.0,GLU,Negative,0.0
0.0,0.0,0.0,0.0,0.0,3.0,ALA,Non-polar,0.0
7.0,0.0,0.0,0.0,0.0,3.0,GLY,Non-polar,0.0
19.0,0.0,0.0,0.0,0.0,3.0,VAL,Non-polar,0.0
15.0,0.0,0.0,0.0,0.0,4.0,SER,Polar,0.0
1.0,1.0,0.0,0.0,1.0,5.0,ARG,Positive,0.0
10.0,0.0,0.0,0.0,0.0,1.0,LEU,"Hydrophobic,H-non-aromatic",0.0
1.0,0.0,0.0,0.0,1.0,5.0,ARG,Positive,0.0
19.0,0.0,0.0,0.0,0.0,3.0,VAL,Non-polar,0.0
14.0,1.0,0.0,0.0,1.0,3.0,PRO,Non-polar,0.0
18.0,0.0,0.0,0.0,1.0,0.0,TYR,"Hydrophobic,H-aromatic",0.0
6.0,0.0,0.0,0.0,1.0,2.0,GLU,Negative,0.0
15.0,1.0,0.0,0.0,1.0,4.0,SER,Polar,0.0
3.0,0.0,0.0,0.0,1.0,2.0,ASP,Negative,0.0
11.0,1.0,0.0,0.0,1.0,5.0,LYS,Positive,0.0
1.0,0.0,0.0,0.0,1.0,5.0,ARG,Positive,0.0
6.0,0.0,0.0,0.0,1.0,2.0,GLU,Negative,0.0
11.0,0.0,0.0,0.0,0.0,5.0,LYS,Positive,0.0
3.0,0.0,0.0,0.0,1.0,2.0,ASP,Negative,0.0
16.0,0.0,0.0,0.0,1.0,4.0,THR,Polar,0.0
16.0,0.0,0.0,0.0,0.0,4.0,THR,Polar,0.0
0.0,1.0,0.0,0.0,1.0,3.0,ALA,Non-polar,0.0
6.0,0.0,0.0,0.0,1.0,2.0,GLU,Negative,0.0
9.0,0.0,0.0,0.0,1.0,1.0,ILE,"Hydrophobic,H-non-aromatic",0.0
7.0,0.0,0.0,0.0,0.0,3.0,GLY,Non-polar,0.0
13.0,0.0,0.0,0.0,0.0,0.0,PHE,"Hydrophobic,H-aromatic",0.0
10.0,0.0,0.0,0.0,0.0,1.0,LEU,"Hydrophobic,H-non-aromatic",0.0
2.0,0.0,0.0,0.0,1.0,4.0,ASN,Polar,0.0
12.0,0.0,0.0,0.0,0.0,1.0,MET,"Hydrophobic,H-non-aromatic",0.0
7.0,0.0,0.0,0.0,0.0,3.0,GLY,Non-polar,0.0
11.0,0.0,0.0,0.0,1.0,5.0,LYS,Positive,0.0
18.0,0.0,0.0,0.0,0.0,0.0,TYR,"Hydrophobic,H-aromatic",0.0
9.0,0.0,0.0,0.0,0.0,1.0,ILE,"Hydrophobic,H-non-aromatic",0.0
2.0,1.0,0.0,0.0,1.0,4.0,ASN,Polar,0.0
15.0,0.0,0.0,0.0,1.0,4.0,SER,Polar,0.0
19.0,0.0,0.0,0.0,0.0,3.0,VAL,Non-polar,0.0
1.0,0.0,0.0,0.0,1.0,5.0,ARG,Positive,0.0
19.0,0.0,0.0,0.0,0.0,3.0,VAL,Non-polar,0.0
8.0,0.0,0.0,0.0,1.0,4.0,HIS,Polar,0.0
9.0,0.0,0.0,0.0,0.0,1.0,ILE,"Hydrophobic,H-non-aromatic",0.0
19.0,0.0,0.0,0.0,0.0,3.0,VAL,Non-polar,0.0
2.0,0.0,0.0,0.0,1.0,4.0,ASN,Polar,0.0
5.0,0.0,0.0,0.0,0.0,4.0,GLN,Polar,0.0
16.0,0.0,0.0,0.0,0.0,4.0,THR,Polar,0.0
7.0,0.0,0.0,0.0,1.0,3.0,GLY,Non-polar,0.0
14.0,0.0,0.0,0.0,0.0,3.0,PRO,Non-polar,0.0
4.0,0.0,0.0,0.0,0.0,1.0,CYS,"Hydrophobic,H-non-aromatic",0.0
4.0,0.0,0.0,0.0,0.0,1.0,CYS,"Hydrophobic,H-non-aromatic",0.0
5.0,0.0,0.0,0.0,1.0,4.0,GLN,Polar,0.0
7.0,0.0,0.0,0.0,1.0,3.0,GLY,Non-polar,0.0
0.0,0.0,0.0,0.0,0.0,3.0,ALA,Non-polar,0.0
3.0,0.0,0.0,0.0,1.0,2.0,ASP,Negative,0.0
4.0,0.0,0.0,0.0,1.0,1.0,CYS,"Hydrophobic,H-non-aromatic",0.0
18.0,0.0,0.0,0.0,1.0,0.0,TYR,"Hydrophobic,H-aromatic",0.0
2.0,1.0,0.0,0.0,1.0,4.0,ASN,Polar,0.0
19.0,0.0,0.0,0.0,0.0,3.0,VAL,Non-polar,0.0
18.0,0.0,0.0,0.0,0.0,0.0,TYR,"Hydrophobic,H-aromatic",0.0
15.0,0.0,0.0,0.0,1.0,4.0,SER,Polar,0.0
13.0,0.0,0.0,0.0,0.0,0.0,PHE,"Hydrophobic,H-aromatic",0.0
11.0,0.0,0.0,0.0,1.0,5.0,LYS,Positive,0.0
10.0,0.0,0.0,0.0,1.0,1.0,LEU,"Hydrophobic,H-non-aromatic",0.0
11.0,0.0,0.0,0.0,1.0,5.0,LYS,Positive,0.0
10.0,0.0,0.0,0.0,0.0,1.0,LEU,"Hydrophobic,H-non-aromatic",0.0
10.0,0.0,0.0,0.0,0.0,1.0,LEU,"Hydrophobic,H-non-aromatic",0.0
16.0,0.0,0.0,0.0,1.0,4.0,THR,Polar,0.0
1.0,1.0,0.0,0.0,1.0,5.0,ARG,Positive,0.0
19.0,0.0,0.0,0.0,0.0,3.0,VAL,Non-polar,0.0
13.0,0.0,0.0,0.0,0.0,0.0,PHE,"Hydrophobic,H-aromatic",0.0
2.0,0.0,0.0,0.0,0.0,4.0,ASN,Polar,0.0
3.0,0.0,0.0,0.0,1.0,2.0,ASP,Negative,0.0
15.0,0.0,0.0,0.0,0.0,4.0,SER,Polar,0.0
0.0,0.0,0.0,0.0,0.0,3.0,ALA,Non-polar,0.0
11.0,1.0,0.0,0.0,1.0,5.0,LYS,Positive,0.0
0.0,1.0,0.0,0.0,1.0,3.0,ALA,Non-polar,0.0
19.0,0.0,0.0,0.0,0.0,3.0,VAL,Non-polar,0.0
16.0,0.0,0.0,0.0,0.0,4.0,THR,Polar,0.0
16.0,1.0,0.0,0.0,1.0,4.0,THR,Polar,0.0
9.0,0.0,0.0,0.0,0.0,1.0,ILE,"Hydrophobic,H-non-aromatic",0.0
0.0,1.0,0.0,0.0,1.0,3.0,ALA,Non-polar,0.0
3.0,0.0,0.0,0.0,1.0,2.0,ASP,Negative,0.0
10.0,0.0,0.0,0.0,0.0,1.0,LEU,"Hydrophobic,H-non-aromatic",0.0
13.0,0.0,0.0,0.0,0.0,0.0,PHE,"Hydrophobic,H-aromatic",0.0
1.0,1.0,0.0,0.0,1.0,5.0,ARG,Positive,0.0
16.0,1.0,0.0,0.0,1.0,4.0,THR,Polar,0.0
6.0,0.0,0.0,0.0,0.0,2.0,GLU,Negative,0.0
9.0,0.0,0.0,0.0,0.0,1.0,ILE,"Hydrophobic,H-non-aromatic",0.0
11.0,1.0,0.0,0.0,1.0,5.0,LYS,Positive,0.0
6.0,1.0,0.0,0.0,1.0,2.0,GLU,Negative,0.0
10.0,0.0,0.0,0.0,0.0,1.0,LEU,"Hydrophobic,H-non-aromatic",0.0
9.0,0.0,0.0,0.0,0.0,1.0,ILE,"Hydrophobic,H-non-aromatic",0.0
2.0,1.0,0.0,0.0,1.0,4.0,ASN,Polar,0.0
10.0,1.0,1.0,1.0,1.0,1.0,LEU,"Hydrophobic,H-non-aromatic",0.0
2.0,0.0,0.0,0.0,0.0,4.0,ASN,Polar,0.0
2.0,0.0,0.0,0.0,0.0,4.0,ASN,Polar,0.0
9.0,0.0,0.0,0.0,0.0,1.0,ILE,"Hydrophobic,H-non-aromatic",0.0
9.0,0.0,0.0,0.0,0.0,1.0,ILE,"Hydrophobic,H-non-aromatic",0.0
18.0,0.0,0.0,0.0,1.0,0.0,TYR,"Hydrophobic,H-aromatic",0.0
2.0,0.0,0.0,0.0,1.0,4.0,ASN,Polar,0.0
11.0,0.0,0.0,0.0,1.0,5.0,LYS,Positive,0.0
0.0,0.0,0.0,0.0,0.0,3.0,ALA,Non-polar,0.0
6.0,1.0,0.0,0.0,1.0,2.0,GLU,Negative,0.0
10.0,0.0,0.0,0.0,0.0,1.0,LEU,"Hydrophobic,H-non-aromatic",0.0
7.0,0.0,0.0,0.0,1.0,3.0,GLY,Non-polar,0.0
7.0,0.0,0.0,0.0,1.0,3.0,GLY,Non-polar,0.0
4.0,0.0,0.0,0.0,0.0,1.0,CYS,"Hydrophobic,H-non-aromatic",0.0
11.0,0.0,0.0,0.0,1.0,5.0,LYS,Positive,0.0
3.0,0.0,0.0,0.0,1.0,2.0,ASP,Negative,0.0
6.0,0.0,0.0,0.0,0.0,2.0,GLU,Negative,0.0
16.0,1.0,0.0,0.0,1.0,4.0,THR,Polar,0.0
6.0,0.0,0.0,0.0,0.0,2.0,GLU,Negative,0.0
0.0,1.0,0.0,0.0,1.0,3.0,ALA,Non-polar,0.0
2.0,0.0,0.0,0.0,0.0,4.0,ASN,Polar,0.0
6.0,1.0,0.0,0.0,1.0,2.0,GLU,Negative,0.0
19.0,0.0,0.0,0.0,0.0,3.0,VAL,Non-polar,0.0
8.0,0.0,0.0,0.0,0.0,4.0,HIS,Polar,0.0
2.0,0.0,0.0,0.0,0.0,4.0,ASN,Polar,0.0
9.0,0.0,0.0,0.0,0.0,1.0,ILE,"Hydrophobic,H-non-aromatic",0.0
11.0,1.0,0.0,0.0,1.0,5.0,LYS,Positive,0.0
9.0,0.0,0.0,0.0,0.0,1.0,ILE,"Hydrophobic,H-non-aromatic",0.0
7.0,0.0,0.0,0.0,0.0,3.0,GLY,Non-polar,0.0
3.0,0.0,0.0,0.0,0.0,2.0,ASP,Negative,0.0
16.0,0.0,0.0,0.0,0.0,4.0,THR,Polar,0.0
14.0,0.0,0.0,0.0,1.0,3.0,PRO,Non-polar,0.0
2.0,0.0,0.0,0.0,1.0,4.0,ASN,Polar,0.0
10.0,0.0,0.0,0.0,0.0,1.0,LEU,"Hydrophobic,H-non-aromatic",0.0
12.0,0.0,0.0,0.0,0.0,1.0,MET,"Hydrophobic,H-non-aromatic",0.0
0.0,1.0,0.0,0.0,1.0,3.0,ALA,Non-polar,0.0
16.0,0.0,0.0,0.0,1.0,4.0,THR,Polar,0.0
15.0,0.0,0.0,0.0,0.0,4.0,SER,Polar,0.0
4.0,0.0,0.0,0.0,0.0,1.0,CYS,"Hydrophobic,H-non-aromatic",0.0
3.0,0.0,0.0,0.0,0.0,2.0,ASP,Negative,0.0
19.0,0.0,0.0,0.0,0.0,3.0,VAL,Non-polar,0.0
3.0,1.0,0.0,0.0,1.0,2.0,ASP,Negative,0.0
6.0,0.0,0.0,0.0,1.0,2.0,GLU,Negative,0.0
11.0,0.0,0.0,0.0,0.0,5.0,LYS,Positive,0.0
7.0,0.0,0.0,0.0,0.0,3.0,GLY,Non-polar,0.0
3.0,0.0,0.0,0.0,0.0,2.0,ASP,Negative,0.0
19.0,0.0,0.0,0.0,0.0,3.0,VAL,Non-polar,0.0
4.0,0.0,0.0,0.0,0.0,1.0,CYS,"Hydrophobic,H-non-aromatic",0.0
11.0,1.0,0.0,0.0,1.0,5.0,LYS,Positive,0.0
15.0,0.0,0.0,0.0,0.0,4.0,SER,Polar,0.0
0.0,0.0,0.0,0.0,1.0,3.0,ALA,Non-polar,0.0
5.0,0.0,0.0,0.0,1.0,4.0,GLN,Polar,0.0
9.0,0.0,0.0,0.0,0.0,1.0,ILE,"Hydrophobic,H-non-aromatic",0.0
16.0,0.0,0.0,0.0,1.0,4.0,THR,Polar,0.0
8.0,0.0,0.0,0.0,1.0,4.0,HIS,Polar,0.0
0.0,0.0,0.0,0.0,0.0,3.0,ALA,Non-polar,0.0
2.0,1.0,0.0,0.0,1.0,4.0,ASN,Polar,0.0
1.0,0.0,0.0,0.0,1.0,5.0,ARG,Positive,0.0
19.0,0.0,0.0,0.0,0.0,3.0,VAL,Non-polar,0.0
3.0,1.0,0.0,0.0,1.0,2.0,ASP,Negative,0.0
3.0,0.0,0.0,0.0,0.0,2.0,ASP,Negative,0.0
11.0,0.0,0.0,0.0,0.0,5.0,LYS,Positive,0.0
0.0,0.0,0.0,0.0,0.0,3.0,ALA,Non-polar,0.0
0.0,0.0,0.0,0.0,0.0,3.0,ALA,Non-polar,0.0
8.0,0.0,0.0,0.0,0.0,4.0,HIS,Polar,0.0
1.0,0.0,0.0,0.0,1.0,5.0,ARG,Positive,0.0
17.0,0.0,0.0,0.0,0.0,0.0,TRP,"Hydrophobic,H-aromatic",0.0
13.0,0.0,0.0,0.0,0.0,0.0,PHE,"Hydrophobic,H-aromatic",0.0
18.0,0.0,0.0,0.0,0.0,0.0,TYR,"Hydrophobic,H-aromatic",0.0
3.0,0.0,0.0,0.0,1.0,2.0,ASP,Negative,0.0
15.0,0.0,0.0,0.0,0.0,4.0,SER,Polar,0.0
15.0,0.0,0.0,0.0,0.0,4.0,SER,Polar,0.0
10.0,0.0,0.0,0.0,0.0,1.0,LEU,"Hydrophobic,H-non-aromatic",0.0
12.0,0.0,0.0,0.0,0.0,1.0,MET,"Hydrophobic,H-non-aromatic",0.0
11.0,0.0,0.0,0.0,1.0,5.0,LYS,Positive,0.0
16.0,1.0,0.0,0.0,1.0,4.0,THR,Polar,0.0
18.0,0.0,0.0,0.0,0.0,0.0,TYR,"Hydrophobic,H-aromatic",0.0
0.0,0.0,0.0,0.0,0.0,3.0,ALA,Non-polar,0.0
5.0,1.0,0.0,0.0,1.0,4.0,GLN,Polar,0.0
3.0,0.0,0.0,0.0,0.0,2.0,ASP,Negative,0.0
0.0,0.0,0.0,0.0,1.0,3.0,ALA,Non-polar,0.0
2.0,0.0,0.0,0.0,0.0,4.0,ASN,Polar,0.0
2.0,0.0,0.0,0.0,0.0,4.0,ASN,Polar,0.0
10.0,0.0,0.0,0.0,0.0,1.0,LEU,"Hydrophobic,H-non-aromatic",0.0
7.0,0.0,0.0,0.0,0.0,3.0,GLY,Non-polar,0.0
6.0,0.0,0.0,0.0,0.0,2.0,GLU,Negative,0.0
2.0,0.0,0.0,0.0,1.0,4.0,ASN,Polar,0.0
2.0,0.0,0.0,0.0,1.0,4.0,ASN,Polar,0.0
12.0,0.0,0.0,0.0,0.0,1.0,MET,"Hydrophobic,H-non-aromatic",0.0
3.0,0.0,0.0,0.0,0.0,2.0,ASP,Negative,0.0
0.0,0.0,0.0,0.0,0.0,3.0,ALA,Non-polar,0.0
19.0,0.0,0.0,0.0,0.0,3.0,VAL,Non-polar,0.0
10.0,0.0,0.0,0.0,0.0,1.0,LEU,"Hydrophobic,H-non-aromatic",0.0
16.0,0.0,0.0,0.0,0.0,4.0,THR,Polar,0.0
15.0,0.0,0.0,0.0,0.0,4.0,SER,Polar,0.0
19.0,0.0,0.0,0.0,0.0,3.0,VAL,Non-polar,0.0
2.0,0.0,0.0,0.0,0.0,4.0,ASN,Polar,0.0
13.0,0.0,0.0,0.0,1.0,0.0,PHE,"Hydrophobic,H-aromatic",0.0
13.0,1.0,1.0,0.0,1.0,0.0,PHE,"Hydrophobic,H-aromatic",0.0
7.0,0.0,0.0,0.0,1.0,3.0,GLY,Non-polar,0.0
1.0,0.0,0.0,0.0,1.0,5.0,ARG,Positive,0.0
10.0,0.0,0.0,0.0,0.0,1.0,LEU,"Hydrophobic,H-non-aromatic",0.0
11.0,0.0,0.0,0.0,1.0,5.0,LYS,Positive,0.0
2.0,0.0,0.0,0.0,0.0,4.0,ASN,Polar,0.0
11.0,0.0,0.0,0.0,1.0,5.0,LYS,Positive,0.0
19.0,0.0,0.0,0.0,0.0,3.0,VAL,Non-polar,0.0
6.0,1.0,0.0,0.0,1.0,2.0,GLU,Negative,0.0
2.0,0.0,0.0,0.0,0.0,4.0,ASN,Polar,0.0
9.0,0.0,0.0,0.0,0.0,1.0,ILE,"Hydrophobic,H-non-aromatic",0.0
11.0,0.0,0.0,0.0,0.0,5.0,LYS,Positive,0.0
16.0,0.0,0.0,0.0,0.0,4.0,THR,Polar,0.0
19.0,0.0,0.0,0.0,0.0,3.0,VAL,Non-polar,0.0
6.0,0.0,0.0,0.0,1.0,2.0,GLU,Negative,0.0
10.0,0.0,0.0,0.0,0.0,1.0,LEU,"Hydrophobic,H-non-aromatic",0.0
16.0,0.0,0.0,0.0,0.0,4.0,THR,Polar,0.0
18.0,0.0,0.0,0.0,1.0,0.0,TYR,"Hydrophobic,H-aromatic",0.0
3.0,0.0,0.0,0.0,1.0,2.0,ASP,Negative,0.0
17.0,0.0,0.0,0.0,0.0,0.0,TRP,"Hydrophobic,H-aromatic",0.0
19.0,0.0,0.0,0.0,0.0,3.0,VAL,Non-polar,0.0
9.0,0.0,0.0,0.0,0.0,1.0,ILE,"Hydrophobic,H-non-aromatic",0.0
19.0,0.0,0.0,0.0,0.0,3.0,VAL,Non-polar,0.0
3.0,0.0,0.0,0.0,0.0,2.0,ASP,Negative,0.0
3.0,0.0,0.0,0.0,1.0,2.0,ASP,Negative,0.0
10.0,0.0,0.0,0.0,1.0,1.0,LEU,"Hydrophobic,H-non-aromatic",0.0
6.0,1.0,0.0,0.0,1.0,2.0,GLU,Negative,1.0
17.0,0.0,0.0,0.0,0.0,0.0,TRP,"Hydrophobic,H-aromatic",0.0
1.0,0.0,0.0,0.0,1.0,5.0,ARG,Positive,0.0
2.0,0.0,0.0,0.0,0.0,4.0,ASN,Polar,0.0
8.0,0.0,0.0,0.0,0.0,4.0,HIS,Polar,0.0
19.0,0.0,0.0,0.0,0.0,3.0,VAL,Non-polar,0.0
6.0,0.0,0.0,0.0,1.0,2.0,GLU,Negative,0.0
11.0,0.0,0.0,0.0,1.0,5.0,LYS,Positive,0.0
7.0,0.0,0.0,0.0,1.0,3.0,GLY,Non-polar,0.0
7.0,0.0,0.0,0.0,1.0,3.0,GLY,Non-polar,0.0
2.0,0.0,0.0,0.0,1.0,4.0,ASN,Polar,0.0
3.0,0.0,0.0,0.0,1.0,2.0,ASP,Negative,0.0
1.0,0.0,0.0,0.0,1.0,5.0,ARG,Positive,0.0
15.0,0.0,0.0,0.0,0.0,4.0,SER,Polar,0.0
2.0,0.0,0.0,0.0,1.0,4.0,ASN,Polar,0.0
5.0,1.0,0.0,0.0,1.0,4.0,GLN,Polar,0.0
5.0,0.0,0.0,0.0,1.0,4.0,GLN,Polar,0.0
6.0,0.0,0.0,0.0,1.0,2.0,GLU,Negative,0.0
14.0,0.0,0.0,0.0,0.0,3.0,PRO,Non-polar,0.0
2.0,1.0,0.0,0.0,1.0,4.0,ASN,Polar,0.0
15.0,0.0,0.0,0.0,0.0,4.0,SER,Polar,0.0
18.0,0.0,0.0,0.0,0.0,0.0,TYR,"Hydrophobic,H-aromatic",0.0
2.0,0.0,0.0,0.0,0.0,4.0,ASN,Polar,0.0
19.0,0.0,0.0,0.0,0.0,3.0,VAL,Non-polar,0.0
19.0,0.0,0.0,0.0,0.0,3.0,VAL,Non-polar,0.0
2.0,1.0,0.0,0.0,1.0,4.0,ASN,Polar,0.0
14.0,0.0,0.0,0.0,1.0,3.0,PRO,Non-polar,0.0
15.0,0.0,0.0,0.0,0.0,4.0,SER,Polar,0.0
18.0,0.0,0.0,0.0,0.0,0.0,TYR,"Hydrophobic,H-aromatic",0.0
11.0,1.0,0.0,0.0,1.0,5.0,LYS,Positive,0.0
2.0,1.0,0.0,0.0,1.0,4.0,ASN,Polar,0.0
10.0,0.0,0.0,0.0,1.0,1.0,LEU,"Hydrophobic,H-non-aromatic",0.0
0.0,0.0,0.0,0.0,1.0,3.0,ALA,Non-polar,0.0
6.0,1.0,0.0,0.0,1.0,2.0,GLU,Negative,0.0
8.0,0.0,0.0,0.0,1.0,4.0,HIS,Polar,0.0
5.0,1.0,0.0,0.0,1.0,4.0,GLN,Polar,0.0
0.0,0.0,0.0,0.0,0.0,3.0,ALA,Non-polar,0.0
2.0,0.0,0.0,0.0,0.0,4.0,ASN,Polar,0.0
10.0,0.0,0.0,0.0,0.0,1.0,LEU,"Hydrophobic,H-non-aromatic",0.0
16.0,0.0,0.0,0.0,1.0,4.0,THR,Polar,0.0
0.0,0.0,0.0,0.0,1.0,3.0,ALA,Non-polar,0.0
9.0,0.0,0.0,0.0,0.0,1.0,ILE,"Hydrophobic,H-non-aromatic",0.0
15.0,0.0,0.0,0.0,0.0,4.0,SER,Polar,0.0
0.0,0.0,0.0,0.0,0.0,3.0,ALA,Non-polar,0.0
17.0,0.0,0.0,0.0,0.0,0.0,TRP,"Hydrophobic,H-aromatic",0.0
9.0,0.0,0.0,0.0,0.0,1.0,ILE,"Hydrophobic,H-non-aromatic",0.0
7.0,0.0,0.0,0.0,1.0,3.0,GLY,Non-polar,0.0
15.0,0.0,0.0,0.0,1.0,4.0,SER,Polar,0.0
8.0,0.0,0.0,0.0,1.0,4.0,HIS,Polar,0.0
10.0,0.0,0.0,0.0,0.0,1.0,LEU,"Hydrophobic,H-non-aromatic",0.0
18.0,0.0,0.0,0.0,0.0,0.0,TYR,"Hydrophobic,H-aromatic",0.0
7.0,0.0,0.0,0.0,0.0,3.0,GLY,Non-polar,0.0
13.0,0.0,0.0,0.0,0.0,0.0,PHE,"Hydrophobic,H-aromatic",0.0
4.0,0.0,0.0,0.0,0.0,1.0,CYS,"Hydrophobic,H-non-aromatic",0.0
11.0,1.0,0.0,0.0,1.0,5.0,LYS,Positive,0.0
14.0,0.0,0.0,0.0,0.0,3.0,PRO,Non-polar,0.0
8.0,0.0,0.0,0.0,1.0,4.0,HIS,Polar,0.0
13.0,0.0,0.0,0.0,0.0,0.0,PHE,"Hydrophobic,H-aromatic",0.0
14.0,0.0,0.0,0.0,1.0,3.0,PRO,Non-polar,0.0
13.0,1.0,1.0,0.0,1.0,0.0,PHE,"Hydrophobic,H-aromatic",0.0
2.0,1.0,0.0,0.0,1.0,4.0,ASN,Polar,0.0
3.0,0.0,0.0,0.0,0.0,2.0,ASP,Negative,0.0
11.0,0.0,0.0,0.0,0.0,5.0,LYS,Positive,0.0
1.0,0.0,0.0,0.0,1.0,5.0,ARG,Positive,0.0
10.0,0.0,0.0,0.0,0.0,1.0,LEU,"Hydrophobic,H-non-aromatic",0.0
0.0,1.0,0.0,0.0,1.0,3.0,ALA,Non-polar,0.0
9.0,0.0,0.0,0.0,1.0,1.0,ILE,"Hydrophobic,H-non-aromatic",0.0
3.0,0.0,0.0,0.0,1.0,2.0,ASP,Negative,0.0
16.0,0.0,0.0,0.0,0.0,4.0,THR,Polar,0.0
14.0,1.0,0.0,0.0,1.0,3.0,PRO,Non-polar,0.0
11.0,0.0,0.0,0.0,1.0,5.0,LYS,Positive,0.0
0.0,0.0,0.0,0.0,0.0,3.0,ALA,Non-polar,0.0
14.0,1.0,0.0,0.0,1.0,3.0,PRO,Non-polar,0.0
12.0,0.0,0.0,0.0,0.0,1.0,MET,"Hydrophobic,H-non-aromatic",0.0
6.0,1.0,0.0,0.0,1.0,2.0,GLU,Negative,0.0
7.0,0.0,0.0,0.0,0.0,3.0,GLY,Non-polar,0.0
3.0,0.0,0.0,0.0,0.0,2.0,ASP,Negative,0.0
15.0,1.0,0.0,0.0,1.0,4.0,SER,Polar,0.0
14.0,0.0,0.0,0.0,0.0,3.0,PRO,Non-polar,0.0
15.0,1.0,0.0,0.0,1.0,4.0,SER,Polar,0.0
11.0,0.0,0.0,0.0,1.0,5.0,LYS,Positive,0.0
7.0,0.0,0.0,0.0,1.0,3.0,GLY,Non-polar,0.0
10.0,0.0,0.0,0.0,0.0,1.0,LEU,"Hydrophobic,H-non-aromatic",0.0
3.0,1.0,0.0,0.0,1.0,2.0,ASP,Negative,0.0
11.0,0.0,0.0,0.0,1.0,5.0,LYS,Positive,0.0
7.0,0.0,0.0,0.0,0.0,3.0,GLY,Non-polar,0.0
10.0,0.0,0.0,0.0,0.0,1.0,LEU,"Hydrophobic,H-non-aromatic",0.0
18.0,0.0,0.0,0.0,0.0,0.0,TYR,"Hydrophobic,H-aromatic",0.0
13.0,0.0,0.0,0.0,0.0,0.0,PHE,"Hydrophobic,H-aromatic",0.0
18.0,0.0,0.0,0.0,0.0,0.0,TYR,"Hydrophobic,H-aromatic",0.0
7.0,0.0,0.0,0.0,0.0,3.0,GLY,Non-polar,0.0
10.0,0.0,0.0,0.0,1.0,1.0,LEU,"Hydrophobic,H-non-aromatic",0.0
18.0,0.0,0.0,0.0,0.0,0.0,TYR,"Hydrophobic,H-aromatic",0.0
11.0,0.0,0.0,0.0,1.0,5.0,LYS,Positive,0.0
18.0,0.0,0.0,0.0,1.0,0.0,TYR,"Hydrophobic,H-aromatic",0.0
10.0,0.0,0.0,0.0,0.0,1.0,LEU,"Hydrophobic,H-non-aromatic",0.0
6.0,0.0,0.0,0.0,1.0,2.0,GLU,Negative,0.0
0.0,0.0,0.0,0.0,1.0,3.0,ALA,Non-polar,0.0
9.0,0.0,0.0,0.0,0.0,1.0,ILE,"Hydrophobic,H-non-aromatic",0.0
10.0,0.0,0.0,0.0,0.0,1.0,LEU,"Hydrophobic,H-non-aromatic",0.0
9.0,0.0,0.0,0.0,0.0,1.0,ILE,"Hydrophobic,H-non-aromatic",0.0
10.0,0.0,0.0,0.0,1.0,1.0,LEU,"Hydrophobic,H-non-aromatic",0.0
7.0,0.0,0.0,0.0,0.0,3.0,GLY,Non-polar,0.0
12.0,0.0,0.0,0.0,0.0,1.0,MET,"Hydrophobic,H-non-aromatic",0.0
2.0,0.0,0.0,0.0,0.0,4.0,ASN,Polar,0.0
9.0,0.0,0.0,0.0,0.0,1.0,ILE,"Hydrophobic,H-non-aromatic",0.0
15.0,0.0,0.0,0.0,0.0,4.0,SER,Polar,0.0
0.0,0.0,0.0,0.0,0.0,3.0,ALA,Non-polar,1.0
6.0,0.0,0.0,0.0,0.0,2.0,GLU,Negative,0.0
11.0,0.0,0.0,0.0,0.0,5.0,LYS,Positive,0.0
16.0,0.0,0.0,0.0,0.0,4.0,THR,Polar,0.0
13.0,0.0,0.0,0.0,0.0,0.0,PHE,"Hydrophobic,H-aromatic",0.0
19.0,0.0,0.0,0.0,1.0,3.0,VAL,Non-polar,0.0
0.0,1.0,0.0,0.0,1.0,3.0,ALA,Non-polar,0.0
11.0,0.0,0.0,0.0,1.0,5.0,LYS,Positive,0.0
15.0,0.0,0.0,0.0,0.0,4.0,SER,Polar,0.0
3.0,0.0,0.0,0.0,1.0,2.0,ASP,Negative,0.0
9.0,0.0,0.0,0.0,0.0,1.0,ILE,"Hydrophobic,H-non-aromatic",0.0
11.0,1.0,0.0,0.0,1.0,5.0,LYS,Positive,0.0
7.0,0.0,0.0,0.0,1.0,3.0,GLY,Non-polar,0.0
6.0,0.0,0.0,0.0,1.0,2.0,GLU,Negative,0.0
0.0,0.0,0.0,0.0,0.0,3.0,ALA,Non-polar,0.0
14.0,0.0,0.0,0.0,0.0,3.0,PRO,Non-polar,0.0
7.0,0.0,0.0,0.0,0.0,3.0,GLY,Non-polar,0.0
1.0,0.0,0.0,0.0,1.0,5.0,ARG,Positive,0.0
3.0,0.0,0.0,0.0,0.0,2.0,ASP,Negative,0.0
0.0,0.0,0.0,0.0,0.0,3.0,ALA,Non-polar,0.0
3.0,1.0,0.0,0.0,1.0,2.0,ASP,Negative,0.0
11.0,0.0,0.0,0.0,1.0,5.0,LYS,Positive,0.0
6.0,0.0,0.0,0.0,1.0,2.0,GLU,Negative,0.0
5.0,0.0,0.0,0.0,0.0,4.0,GLN,Polar,0.0
9.0,0.0,0.0,0.0,0.0,1.0,ILE,"Hydrophobic,H-non-aromatic",0.0
19.0,0.0,0.0,0.0,0.0,3.0,VAL,Non-polar,0.0
6.0,0.0,0.0,0.0,1.0,2.0,GLU,Negative,0.0
13.0,0.0,0.0,0.0,1.0,0.0,PHE,"Hydrophobic,H-aromatic",0.0
17.0,0.0,0.0,0.0,0.0,0.0,TRP,"Hydrophobic,H-aromatic",0.0
16.0,1.0,0.0,0.0,1.0,4.0,THR,Polar,0.0
16.0,0.0,0.0,0.0,0.0,4.0,THR,Polar,0.0
19.0,0.0,0.0,0.0,1.0,3.0,VAL,Non-polar,0.0
11.0,0.0,0.0,0.0,1.0,5.0,LYS,Positive,0.0
11.0,0.0,0.0,0.0,0.0,5.0,LYS,Positive,0.0
6.0,1.0,0.0,0.0,1.0,2.0,GLU,Negative,0.0
5.0,0.0,0.0,0.0,0.0,4.0,GLN,Polar,0.0
0.0,0.0,0.0,0.0,0.0,3.0,ALA,Non-polar,0.0
13.0,0.0,0.0,0.0,0.0,0.0,PHE,"Hydrophobic,H-aromatic",0.0
15.0,0.0,0.0,0.0,0.0,4.0,SER,Polar,0.0
18.0,1.0,0.0,0.0,1.0,0.0,TYR,"Hydrophobic,H-aromatic",0.0
13.0,0.0,0.0,0.0,0.0,0.0,PHE,"Hydrophobic,H-aromatic",0.0
7.0,1.0,0.0,0.0,1.0,3.0,GLY,Non-polar,0.0
0.0,0.0,0.0,0.0,0.0,3.0,ALA,Non-polar,0.0
5.0,0.0,0.0,0.0,1.0,4.0,GLN,Polar,0.0
1.0,0.0,0.0,0.0,1.0,5.0,ARG,Positive,0.0
9.0,0.0,0.0,0.0,0.0,1.0,ILE,"Hydrophobic,H-non-aromatic",0.0
1.0,0.0,0.0,0.0,1.0,5.0,ARG,Positive,0.0
9.0,0.0,0.0,0.0,0.0,1.0,ILE,"Hydrophobic,H-non-aromatic",0.0
8.0,0.0,0.0,0.0,0.0,4.0,HIS,Polar,0.0
13.0,0.0,0.0,0.0,0.0,0.0,PHE,"Hydrophobic,H-aromatic",0.0
18.0,0.0,0.0,0.0,1.0,0.0,TYR,"Hydrophobic,H-aromatic",0.0
11.0,0.0,0.0,0.0,0.0,5.0,LYS,Positive,0.0
18.0,0.0,0.0,0.0,0.0,0.0,TYR,"Hydrophobic,H-aromatic",0.0
6.0,0.0,0.0,0.0,0.0,2.0,GLU,Negative,0.0
4.0,0.0,0.0,0.0,0.0,1.0,CYS,"Hydrophobic,H-non-aromatic",0.0
3.0,0.0,0.0,0.0,1.0,2.0,ASP,Negative,0.0
16.0,1.0,0.0,0.0,1.0,4.0,THR,Polar,0.0
10.0,0.0,0.0,0.0,0.0,1.0,LEU,"Hydrophobic,H-non-aromatic",0.0
3.0,1.0,0.0,0.0,1.0,2.0,ASP,Negative,0.0
15.0,1.0,0.0,0.0,1.0,4.0,SER,Polar,0.0
15.0,0.0,0.0,0.0,0.0,4.0,SER,Polar,0.0
4.0,0.0,0.0,0.0,0.0,1.0,CYS,"Hydrophobic,H-non-aromatic",0.0
16.0,0.0,0.0,0.0,0.0,4.0,THR,Polar,0.0
16.0,0.0,0.0,0.0,0.0,4.0,THR,Polar,0.0
7.0,0.0,0.0,0.0,0.0,3.0,GLY,Non-polar,0.0
13.0,0.0,0.0,0.0,0.0,0.0,PHE,"Hydrophobic,H-aromatic",0.0
11.0,0.0,0.0,0.0,1.0,5.0,LYS,Positive,0.0
7.0,0.0,0.0,0.0,1.0,3.0,GLY,Non-polar,0.0
16.0,0.0,0.0,0.0,1.0,4.0,THR,Polar,0.0
18.0,0.0,0.0,0.0,1.0,0.0,TYR,"Hydrophobic,H-aromatic",0.0
13.0,0.0,0.0,0.0,0.0,0.0,PHE,"Hydrophobic,H-aromatic",0.0
14.0,1.0,0.0,0.0,1.0,3.0,PRO,Non-polar,0.0
0.0,0.0,0.0,0.0,0.0,3.0,ALA,Non-polar,0.0
5.0,0.0,0.0,0.0,0.0,4.0,GLN,Polar,0.0
7.0,0.0,0.0,0.0,0.0,3.0,GLY,Non-polar,0.0
2.0,1.0,0.0,0.0,1.0,4.0,ASN,Polar,0.0
18.0,0.0,0.0,0.0,1.0,0.0,TYR,"Hydrophobic,H-aromatic",0.0
17.0,0.0,0.0,0.0,1.0,0.0,TRP,"Hydrophobic,H-aromatic",0.0
19.0,0.0,0.0,0.0,0.0,3.0,VAL,Non-polar,0.0
15.0,0.0,0.0,0.0,0.0,4.0,SER,Polar,0.0
16.0,0.0,0.0,0.0,0.0,4.0,THR,Polar,0.0
9.0,0.0,0.0,0.0,0.0,1.0,ILE,"Hydrophobic,H-non-aromatic",0.0
2.0,0.0,0.0,0.0,0.0,4.0,ASN,Polar,0.0
7.0,0.0,0.0,0.0,1.0,3.0,GLY,Non-polar,0.0
11.0,0.0,0.0,0.0,0.0,5.0,LYS,Positive,0.0
15.0,0.0,0.0,0.0,1.0,4.0,SER,Polar,0.0
9.0,0.0,0.0,0.0,0.0,1.0,ILE,"Hydrophobic,H-non-aromatic",0.0
17.0,0.0,0.0,0.0,1.0,0.0,TRP,"Hydrophobic,H-aromatic",0.0
0.0,1.0,0.0,0.0,1.0,3.0,ALA,Non-polar,0.0
16.0,0.0,0.0,0.0,0.0,4.0,THR,Polar,0.0
8.0,0.0,0.0,0.0,0.0,4.0,HIS,Polar,0.0
11.0,1.0,0.0,0.0,1.0,5.0,LYS,Positive,0.0
10.0,0.0,0.0,0.0,0.0,1.0,LEU,"Hydrophobic,H-non-aromatic",0.0
16.0,0.0,0.0,0.0,1.0,4.0,THR,Polar,0.0
0.0,0.0,0.0,0.0,0.0,3.0,ALA,Non-polar,0.0
18.0,0.0,0.0,0.0,1.0,0.0,TYR,"Hydrophobic,H-aromatic",0.0
10.0,0.0,0.0,0.0,0.0,1.0,LEU,"Hydrophobic,H-non-aromatic",0.0
0.0,0.0,0.0,0.0,0.0,3.0,ALA,Non-polar,0.0
14.0,0.0,0.0,0.0,0.0,3.0,PRO,Non-polar,0.0
15.0,0.0,0.0,0.0,0.0,4.0,SER,Polar,0.0
8.0,0.0,0.0,0.0,0.0,4.0,HIS,Polar,0.0
9.0,0.0,0.0,0.0,0.0,1.0,ILE,"Hydrophobic,H-non-aromatic",0.0
7.0,0.0,0.0,0.0,1.0,3.0,GLY,Non-polar,0.0
14.0,0.0,0.0,0.0,0.0,3.0,PRO,Non-polar,0.0
14.0,1.0,0.0,0.0,1.0,3.0,PRO,Non-polar,0.0
8.0,0.0,0.0,0.0,1.0,4.0,HIS,Polar,0.0
11.0,0.0,0.0,0.0,1.0,5.0,LYS,Positive,0.0
8.0,0.0,0.0,0.0,1.0,4.0,HIS,Polar,0.0
19.0,0.0,0.0,0.0,0.0,3.0,VAL,Non-polar,0.0
15.0,0.0,0.0,0.0,0.0,4.0,SER,Polar,0.0
9.0,0.0,0.0,0.0,0.0,1.0,ILE,"Hydrophobic,H-non-aromatic",0.0
10.0,0.0,0.0,0.0,0.0,1.0,LEU,"Hydrophobic,H-non-aromatic",0.0
9.0,0.0,0.0,0.0,0.0,1.0,ILE,"Hydrophobic,H-non-aromatic",0.0
9.0,0.0,0.0,0.0,0.0,1.0,ILE,"Hydrophobic,H-non-aromatic",0.0
7.0,1.0,0.0,0.0,1.0,3.0,GLY,Non-polar,0.0
18.0,1.0,0.0,0.0,1.0,0.0,TYR,"Hydrophobic,H-aromatic",0.0
13.0,0.0,0.0,0.0,1.0,0.0,PHE,"Hydrophobic,H-aromatic",0.0
19.0,0.0,0.0,0.0,1.0,3.0,VAL,Non-polar,0.0
7.0,1.0,0.0,0.0,1.0,3.0,GLY,Non-polar,0.0
11.0,0.0,0.0,0.0,1.0,5.0,LYS,Positive,0.0
12.0,0.0,0.0,0.0,1.0,1.0,MET,"Hydrophobic,H-non-aromatic",0.0
18.0,1.0,1.0,0.0,1.0,0.0,TYR,"Hydrophobic,H-aromatic",0.0
16.0,0.0,0.0,0.0,0.0,4.0,THR,Polar,0.0
7.0,1.0,0.0,0.0,1.0,3.0,GLY,Non-polar,0.0
11.0,0.0,0.0,0.0,1.0,5.0,LYS,Positive,0.0
7.0,0.0,0.0,0.0,0.0,3.0,GLY,Non-polar,0.0
19.0,0.0,0.0,0.0,1.0,3.0,VAL,Non-polar,0.0
6.0,1.0,0.0,0.0,1.0,2.0,GLU,Negative,0.0
15.0,0.0,0.0,0.0,1.0,4.0,SER,Polar,0.0
2.0,0.0,0.0,0.0,0.0,4.0,ASN,Polar,0.0
15.0,0.0,0.0,0.0,0.0,4.0,SER,Polar,0.0
6.0,1.0,0.0,0.0,1.0,2.0,GLU,Negative,0.0
18.0,0.0,0.0,0.0,0.0,0.0,TYR,"Hydrophobic,H-aromatic",0.0
16.0,0.0,0.0,0.0,1.0,4.0,THR,Polar,0.0
11.0,0.0,0.0,0.0,1.0,5.0,LYS,Positive,0.0
16.0,0.0,0.0,0.0,1.0,4.0,THR,Polar,0.0
15.0,0.0,0.0,0.0,1.0,4.0,SER,Polar,0.0
16.0,0.0,0.0,0.0,1.0,4.0,THR,Polar,0.0
5.0,0.0,0.0,0.0,1.0,4.0,GLN,Polar,0.0
19.0,0.0,0.0,0.0,1.0,3.0,VAL,Non-polar,0.0
10.0,0.0,0.0,0.0,1.0,1.0,LEU,"Hydrophobic,H-non-aromatic",0.0
10.0,0.0,0.0,0.0,1.0,1.0,LEU,"Hydrophobic,H-non-aromatic",0.0
19.0,0.0,0.0,0.0,0.0,3.0,VAL,Non-polar,0.0
9.0,0.0,0.0,0.0,0.0,1.0,ILE,"Hydrophobic,H-non-aromatic",0.0
10.0,0.0,0.0,0.0,1.0,1.0,LEU,"Hydrophobic,H-non-aromatic",0.0
15.0,0.0,0.0,0.0,0.0,4.0,SER,Polar,0.0
5.0,0.0,0.0,0.0,0.0,4.0,GLN,Polar,0.0
0.0,1.0,0.0,0.0,1.0,3.0,ALA,Non-polar,0.0
13.0,0.0,0.0,0.0,1.0,0.0,PHE,"Hydrophobic,H-aromatic",0.0
6.0,0.0,0.0,0.0,1.0,2.0,GLU,Negative,0.0
15.0,0.0,0.0,0.0,0.0,4.0,SER,Polar,0.0
7.0,0.0,0.0,0.0,0.0,3.0,GLY,Non-polar,0.0
9.0,0.0,0.0,0.0,1.0,1.0,ILE,"Hydrophobic,H-non-aromatic",0.0
6.0,0.0,0.0,0.0,1.0,2.0,GLU,Negative,0.0
9.0,0.0,0.0,0.0,0.0,1.0,ILE,"Hydrophobic,H-non-aromatic",0.0
11.0,1.0,0.0,0.0,1.0,5.0,LYS,Positive,0.0
10.0,0.0,0.0,0.0,0.0,1.0,LEU,"Hydrophobic,H-non-aromatic",0.0
6.0,0.0,0.0,0.0,1.0,2.0,GLU,Negative,0.0
6.0,1.0,0.0,0.0,1.0,2.0,GLU,Negative,0.0
3.0,0.0,0.0,0.0,1.0,2.0,ASP,Negative,0.0
10.0,0.0,0.0,0.0,0.0,1.0,LEU,"Hydrophobic,H-non-aromatic",0.0
11.0,0.0,0.0,0.0,1.0,5.0,LYS,Positive,0.0
16.0,0.0,0.0,0.0,0.0,4.0,THR,Polar,0.0
11.0,0.0,0.0,0.0,1.0,5.0,LYS,Positive,0.0
14.0,0.0,0.0,0.0,0.0,3.0,PRO,Non-polar,0.0
3.0,0.0,0.0,0.0,1.0,2.0,ASP,Negative,0.0
5.0,0.0,0.0,0.0,1.0,4.0,GLN,Polar,0.0
5.0,1.0,0.0,0.0,1.0,4.0,GLN,Polar,0.0
7.0,0.0,0.0,0.0,1.0,3.0,GLY,Non-polar,0.0
19.0,0.0,0.0,0.0,0.0,3.0,VAL,Non-polar,0.0
19.0,0.0,0.0,0.0,0.0,3.0,VAL,Non-polar,0.0
10.0,0.0,0.0,0.0,0.0,1.0,LEU,"Hydrophobic,H-non-aromatic",0.0
2.0,0.0,0.0,0.0,1.0,4.0,ASN,Polar,0.0
0.0,0.0,0.0,0.0,1.0,3.0,ALA,Non-polar,0.0
2.0,0.0,0.0,0.0,0.0,4.0,ASN,Polar,0.0
5.0,1.0,0.0,0.0,1.0,4.0,GLN,Polar,0.0
3.0,0.0,0.0,0.0,0.0,2.0,ASP,Negative,0.0
12.0,1.0,1.0,0.0,1.0,1.0,MET,"Hydrophobic,H-non-aromatic",0.0
7.0,1.0,0.0,0.0,1.0,3.0,GLY,Non-polar,0.0
3.0,0.0,0.0,0.0,1.0,2.0,ASP,Negative,0.0
19.0,0.0,0.0,0.0,0.0,3.0,VAL,Non-polar,0.0
4.0,0.0,0.0,0.0,0.0,1.0,CYS,"Hydrophobic,H-non-aromatic",0.0
18.0,0.0,0.0,0.0,0.0,0.0,TYR,"Hydrophobic,H-aromatic",0.0
10.0,0.0,0.0,0.0,0.0,1.0,LEU,"Hydrophobic,H-non-aromatic",0.0
10.0,0.0,0.0,0.0,0.0,1.0,LEU,"Hydrophobic,H-non-aromatic",0.0
14.0,0.0,0.0,0.0,0.0,3.0,PRO,Non-polar,0.0
6.0,0.0,0.0,0.0,0.0,2.0,GLU,Negative,0.0
6.0,0.0,0.0,0.0,0.0,2.0,GLU,Negative,0.0
9.0,0.0,0.0,0.0,0.0,1.0,ILE,"Hydrophobic,H-non-aromatic",0.0
18.0,0.0,0.0,0.0,0.0,0.0,TYR,"Hydrophobic,H-aromatic",0.0
10.0,0.0,0.0,0.0,0.0,1.0,LEU,"Hydrophobic,H-non-aromatic",0.0
9.0,0.0,0.0,0.0,0.0,1.0,ILE,"Hydrophobic,H-non-aromatic",0.0
1.0,0.0,0.0,0.0,0.0,5.0,ARG,Positive,0.0
15.0,0.0,0.0,0.0,0.0,4.0,SER,Polar,0.0
11.0,0.0,0.0,0.0,1.0,5.0,LYS,Positive,0.0
9.0,0.0,0.0,0.0,0.0,1.0,ILE,"Hydrophobic,H-non-aromatic",0.0
13.0,0.0,0.0,0.0,0.0,0.0,PHE,"Hydrophobic,H-aromatic",0.0
19.0,0.0,0.0,0.0,1.0,3.0,VAL,Non-polar,0.0
3.0,0.0,0.0,0.0,0.0,2.0,ASP,Negative,0.0
6.0,1.0,0.0,0.0,1.0,2.0,GLU,Negative,0.0
6.0,0.0,0.0,0.0,1.0,2.0,GLU,Negative,0.0
6.0,0.0,0.0,0.0,0.0,2.0,GLU,Negative,0.0
10.0,0.0,0.0,0.0,0.0,1.0,LEU,"Hydrophobic,H-non-aromatic",0.0
11.0,1.0,0.0,0.0,1.0,5.0,LYS,Positive,0.0
10.0,0.0,0.0,0.0,0.0,1.0,LEU,"Hydrophobic,H-non-aromatic",0.0
19.0,0.0,0.0,0.0,0.0,3.0,VAL,Non-polar,0.0
11.0,1.0,0.0,0.0,1.0,5.0,LYS,Positive,0.0
0.0,0.0,0.0,0.0,0.0,3.0,ALA,Non-polar,0.0
17.0,0.0,0.0,0.0,1.0,0.0,TRP,"Hydrophobic,H-aromatic",0.0
10.0,0.0,0.0,0.0,0.0,1.0,LEU,"Hydrophobic,H-non-aromatic",0.0
10.0,0.0,0.0,0.0,1.0,1.0,LEU,"Hydrophobic,H-non-aromatic",0.0
6.0,1.0,0.0,0.0,1.0,2.0,GLU,Negative,0.0
8.0,0.0,0.0,0.0,0.0,4.0,HIS,Polar,0.0
7.0,0.0,0.0,0.0,0.0,3.0,GLY,Non-polar,0.0
18.0,0.0,0.0,0.0,0.0,0.0,TYR,"Hydrophobic,H-aromatic",0.0
10.0,0.0,0.0,0.0,0.0,1.0,LEU,"Hydrophobic,H-non-aromatic",0.0
18.0,0.0,0.0,0.0,0.0,0.0,TYR,"Hydrophobic,H-aromatic",0.0
11.0,0.0,0.0,0.0,1.0,5.0,LYS,Positive,0.0
7.0,1.0,0.0,0.0,1.0,3.0,GLY,Non-polar,0.0
1.0,0.0,0.0,0.0,0.0,5.0,ARG,Positive,0.0
10.0,0.0,0.0,0.0,0.0,1.0,LEU,"Hydrophobic,H-non-aromatic",0.0
10.0,0.0,0.0,0.0,0.0,1.0,LEU,"Hydrophobic,H-non-aromatic",0.0
11.0,1.0,0.0,0.0,1.0,5.0,LYS,Positive,0.0
11.0,0.0,0.0,0.0,0.0,5.0,LYS,Positive,0.0
5.0,0.0,0.0,0.0,1.0,4.0,GLN,Polar,0.0
9.0,0.0,0.0,0.0,0.0,1.0,ILE,"Hydrophobic,H-non-aromatic",0.0
13.0,0.0,0.0,0.0,1.0,0.0,PHE,"Hydrophobic,H-aromatic",0.0
5.0,0.0,0.0,0.0,0.0,4.0,GLN,Polar,0.0
9.0,0.0,0.0,0.0,0.0,1.0,ILE,"Hydrophobic,H-non-aromatic",0.0
13.0,0.0,0.0,0.0,1.0,0.0,PHE,"Hydrophobic,H-aromatic",0.0
2.0,0.0,0.0,0.0,0.0,4.0,ASN,Polar,0.0
10.0,0.0,0.0,0.0,0.0,1.0,LEU,"Hydrophobic,H-non-aromatic",0.0
3.0,1.0,0.0,0.0,1.0,2.0,ASP,Negative,0.0
6.0,0.0,0.0,0.0,1.0,2.0,GLU,Negative,0.0
10.0,0.0,0.0,0.0,0.0,1.0,LEU,"Hydrophobic,H-non-aromatic",0.0
6.0,0.0,0.0,0.0,0.0,2.0,GLU,Negative,0.0
19.0,0.0,0.0,0.0,0.0,3.0,VAL,Non-polar,0.0
3.0,1.0,0.0,0.0,1.0,2.0,ASP,Negative,0.0
7.0,1.0,0.0,0.0,0.0,3.0,GLY,Non-polar,0.0
9.0,0.0,0.0,0.0,0.0,1.0,ILE,"Hydrophobic,H-non-aromatic",0.0
16.0,0.0,0.0,0.0,0.0,4.0,THR,Polar,0.0
13.0,0.0,0.0,0.0,0.0,0.0,PHE,"Hydrophobic,H-aromatic",0.0
2.0,0.0,0.0,0.0,0.0,4.0,ASN,Polar,0.0
6.0,0.0,0.0,0.0,1.0,2.0,GLU,Negative,0.0
18.0,0.0,0.0,0.0,0.0,0.0,TYR,"Hydrophobic,H-aromatic",0.0
15.0,1.0,0.0,0.0,0.0,4.0,SER,Polar,0.0
16.0,0.0,0.0,0.0,0.0,4.0,THR,Polar,0.0
2.0,0.0,0.0,0.0,0.0,4.0,ASN,Polar,0.0
1.0,0.0,0.0,0.0,1.0,5.0,ARG,Positive,0.0
3.0,0.0,0.0,0.0,0.0,2.0,ASP,Negative,0.0
0.0,0.0,0.0,0.0,0.0,3.0,ALA,Non-polar,0.0
9.0,0.0,0.0,0.0,0.0,1.0,ILE,"Hydrophobic,H-non-aromatic",0.0
7.0,0.0,0.0,0.0,0.0,3.0,GLY,Non-polar,0.0
11.0,1.0,0.0,0.0,1.0,5.0,LYS,Positive,0.0
19.0,0.0,0.0,0.0,0.0,3.0,VAL,Non-polar,0.0
0.0,0.0,0.0,0.0,0.0,3.0,ALA,Non-polar,0.0
0.0,0.0,0.0,0.0,0.0,3.0,ALA,Non-polar,0.0
14.0,0.0,0.0,0.0,0.0,3.0,PRO,Non-polar,0.0
2.0,0.0,0.0,0.0,0.0,4.0,ASN,Polar,0.0
14.0,1.0,0.0,0.0,1.0,3.0,PRO,Non-polar,0.0
9.0,0.0,0.0,0.0,0.0,1.0,ILE,"Hydrophobic,H-non-aromatic",0.0
7.0,1.0,0.0,0.0,1.0,3.0,GLY,Non-polar,0.0
10.0,0.0,0.0,0.0,0.0,1.0,LEU,"Hydrophobic,H-non-aromatic",0.0
4.0,0.0,0.0,0.0,0.0,1.0,CYS,"Hydrophobic,H-non-aromatic",0.0
18.0,0.0,0.0,0.0,1.0,0.0,TYR,"Hydrophobic,H-aromatic",0.0
3.0,1.0,0.0,0.0,1.0,2.0,ASP,Negative,0.0
2.0,0.0,0.0,0.0,1.0,4.0,ASN,Polar,0.0
16.0,0.0,0.0,0.0,1.0,4.0,THR,Polar,0.0
16.0,0.0,0.0,0.0,1.0,4.0,THR,Polar,0.0
15.0,0.0,0.0,0.0,1.0,4.0,SER,Polar,0.0
10.0,0.0,0.0,0.0,0.0,1.0,LEU,"Hydrophobic,H-non-aromatic",0.0
19.0,0.0,0.0,0.0,0.0,3.0,VAL,Non-polar,0.0
11.0,0.0,0.0,0.0,1.0,5.0,LYS,Positive,0.0
0.0,0.0,0.0,0.0,0.0,3.0,ALA,Non-polar,0.0
9.0,0.0,0.0,0.0,0.0,1.0,ILE,"Hydrophobic,H-non-aromatic",0.0
13.0,0.0,0.0,0.0,0.0,0.0,PHE,"Hydrophobic,H-aromatic",0.0
6.0,1.0,0.0,0.0,1.0,2.0,GLU,Negative,0.0
3.0,1.0,0.0,0.0,1.0,2.0,ASP,Negative,1.0
16.0,0.0,0.0,0.0,0.0,4.0,THR,Polar,0.0
7.0,0.0,0.0,0.0,1.0,3.0,GLY,Non-polar,0.0
10.0,0.0,0.0,0.0,0.0,1.0,LEU,"Hydrophobic,H-non-aromatic",0.0
8.0,0.0,0.0,0.0,1.0,4.0,HIS,Polar,0.0
0.0,0.0,0.0,0.0,0.0,3.0,ALA,Non-polar,0.0
15.0,1.0,0.0,0.0,1.0,4.0,SER,Polar,0.0
10.0,0.0,0.0,0.0,0.0,1.0,LEU,"Hydrophobic,H-non-aromatic",0.0
10.0,0.0,0.0,0.0,0.0,1.0,LEU,"Hydrophobic,H-non-aromatic",0.0
2.0,0.0,0.0,0.0,0.0,4.0,ASN,Polar,0.0
7.0,0.0,0.0,0.0,1.0,3.0,GLY,Non-polar,0.0
3.0,1.0,0.0,0.0,1.0,2.0,ASP,Negative,0.0
14.0,1.0,0.0,0.0,1.0,3.0,PRO,Non-polar,0.0
3.0,1.0,0.0,0.0,1.0,2.0,ASP,Negative,0.0
14.0,0.0,0.0,0.0,1.0,3.0,PRO,Non-polar,0.0
7.0,0.0,0.0,0.0,0.0,3.0,GLY,Non-polar,0.0
9.0,0.0,0.0,0.0,0.0,1.0,ILE,"Hydrophobic,H-non-aromatic",0.0
2.0,1.0,0.0,0.0,1.0,4.0,ASN,Polar,0.0
10.0,0.0,0.0,0.0,0.0,1.0,LEU,"Hydrophobic,H-non-aromatic",0.0
8.0,0.0,0.0,0.0,1.0,4.0,HIS,Polar,0.0
2.0,0.0,0.0,0.0,1.0,4.0,ASN,Polar,0.0
7.0,1.0,0.0,0.0,1.0,3.0,GLY,Non-polar,0.0
10.0,0.0,0.0,0.0,0.0,1.0,LEU,"Hydrophobic,H-non-aromatic",0.0
11.0,1.0,0.0,0.0,1.0,5.0,LYS,Positive,0.0
18.0,0.0,0.0,0.0,0.0,0.0,TYR,"Hydrophobic,H-aromatic",0.0
19.0,0.0,0.0,0.0,0.0,3.0,VAL,Non-polar,0.0
0.0,0.0,0.0,0.0,0.0,3.0,ALA,Non-polar,0.0
15.0,0.0,0.0,0.0,0.0,4.0,SER,Polar,0.0
11.0,0.0,0.0,0.0,1.0,5.0,LYS,Positive,0.0
15.0,1.0,0.0,0.0,1.0,4.0,SER,Polar,0.0
17.0,0.0,0.0,0.0,0.0,0.0,TRP,"Hydrophobic,H-aromatic",0.0
4.0,0.0,0.0,0.0,0.0,1.0,CYS,"Hydrophobic,H-non-aromatic",0.0
10.0,0.0,0.0,0.0,0.0,1.0,LEU,"Hydrophobic,H-non-aromatic",0.0
9.0,0.0,0.0,0.0,0.0,1.0,ILE,"Hydrophobic,H-non-aromatic",0.0
10.0,0.0,0.0,0.0,0.0,1.0,LEU,"Hydrophobic,H-non-aromatic",0.0
0.0,0.0,0.0,0.0,1.0,3.0,ALA,Non-polar,0.0
8.0,0.0,0.0,0.0,0.0,4.0,HIS,Polar,0.0
6.0,0.0,0.0,0.0,1.0,2.0,GLU,Negative,0.0
15.0,1.0,0.0,0.0,1.0,4.0,SER,Polar,0.0
15.0,0.0,0.0,0.0,0.0,4.0,SER,Polar,0.0
4.0,0.0,0.0,0.0,0.0,1.0,CYS,"Hydrophobic,H-non-aromatic",0.0
14.0,0.0,0.0,0.0,0.0,3.0,PRO,Non-polar,0.0
14.0,0.0,0.0,0.0,1.0,3.0,PRO,Non-polar,0.0
18.0,0.0,0.0,0.0,1.0,0.0,TYR,"Hydrophobic,H-aromatic",0.0
2.0,0.0,0.0,0.0,0.0,4.0,ASN,Polar,0.0
9.0,0.0,0.0,0.0,0.0,1.0,ILE,"Hydrophobic,H-non-aromatic",0.0
9.0,0.0,0.0,0.0,0.0,1.0,ILE,"Hydrophobic,H-non-aromatic",0.0
13.0,0.0,0.0,0.0,1.0,0.0,PHE,"Hydrophobic,H-aromatic",0.0
1.0,0.0,0.0,0.0,0.0,5.0,ARG,Positive,0.0
10.0,0.0,0.0,0.0,0.0,1.0,LEU,"Hydrophobic,H-non-aromatic",0.0
3.0,0.0,0.0,0.0,1.0,2.0,ASP,Negative,0.0
3.0,0.0,0.0,0.0,1.0,2.0,ASP,Negative,0.0
7.0,0.0,0.0,0.0,1.0,3.0,GLY,Non-polar,0.0
10.0,0.0,0.0,0.0,0.0,1.0,LEU,"Hydrophobic,H-non-aromatic",0.0
10.0,0.0,0.0,0.0,0.0,1.0,LEU,"Hydrophobic,H-non-aromatic",0.0
16.0,0.0,0.0,0.0,1.0,4.0,THR,Polar,0.0
8.0,0.0,0.0,0.0,0.0,4.0,HIS,Polar,0.0
19.0,0.0,0.0,0.0,0.0,3.0,VAL,Non-polar,0.0
9.0,0.0,0.0,0.0,0.0,1.0,ILE,"Hydrophobic,H-non-aromatic",0.0
0.0,0.0,0.0,0.0,0.0,3.0,ALA,Non-polar,0.0
3.0,0.0,0.0,0.0,0.0,2.0,ASP,Negative,0.0
5.0,0.0,0.0,0.0,1.0,4.0,GLN,Polar,0.0
12.0,0.0,0.0,0.0,0.0,1.0,MET,"Hydrophobic,H-non-aromatic",0.0
0.0,0.0,0.0,0.0,0.0,3.0,ALA,Non-polar,0.0
18.0,0.0,0.0,0.0,0.0,0.0,TYR,"Hydrophobic,H-aromatic",0.0
11.0,0.0,0.0,0.0,1.0,5.0,LYS,Positive,0.0
13.0,0.0,0.0,0.0,0.0,0.0,PHE,"Hydrophobic,H-aromatic",0.0
9.0,0.0,0.0,0.0,0.0,1.0,ILE,"Hydrophobic,H-non-aromatic",0.0
11.0,0.0,0.0,0.0,1.0,5.0,LYS,Positive,0.0
18.0,0.0,0.0,0.0,0.0,0.0,TYR,"Hydrophobic,H-aromatic",0.0
16.0,0.0,0.0,0.0,0.0,4.0,THR,Polar,0.0
11.0,1.0,0.0,0.0,1.0,5.0,LYS,Positive,0.0
13.0,0.0,0.0,0.0,0.0,0.0,PHE,"Hydrophobic,H-aromatic",0.0
19.0,0.0,0.0,0.0,0.0,3.0,VAL,Non-polar,0.0
19.0,0.0,0.0,0.0,0.0,3.0,VAL,Non-polar,0.0
19.0,0.0,0.0,0.0,0.0,3.0,VAL,Non-polar,0.0
12.0,0.0,0.0,0.0,0.0,1.0,MET,"Hydrophobic,H-non-aromatic",0.0
10.0,0.0,0.0,0.0,0.0,1.0,LEU,"Hydrophobic,H-non-aromatic",0.0
14.0,0.0,0.0,0.0,0.0,3.0,PRO,Non-polar,0.0
9.0,0.0,0.0,0.0,0.0,1.0,ILE,"Hydrophobic,H-non-aromatic",0.0
13.0,0.0,0.0,0.0,0.0,0.0,PHE,"Hydrophobic,H-aromatic",0.0
15.0,0.0,0.0,0.0,1.0,4.0,SER,Polar,0.0
0.0,1.0,0.0,0.0,1.0,3.0,ALA,Non-polar,0.0
10.0,0.0,0.0,0.0,1.0,1.0,LEU,"Hydrophobic,H-non-aromatic",0.0
14.0,0.0,0.0,0.0,0.0,3.0,PRO,Non-polar,0.0
19.0,0.0,0.0,0.0,0.0,3.0,VAL,Non-polar,0.0
0.0,1.0,0.0,0.0,1.0,3.0,ALA,Non-polar,0.0
18.0,0.0,0.0,0.0,0.0,0.0,TYR,"Hydrophobic,H-aromatic",0.0
0.0,0.0,0.0,0.0,0.0,3.0,ALA,Non-polar,0.0
15.0,0.0,0.0,0.0,0.0,4.0,SER,Polar,0.0
10.0,0.0,0.0,0.0,1.0,1.0,LEU,"Hydrophobic,H-non-aromatic",0.0
10.0,0.0,0.0,0.0,0.0,1.0,LEU,"Hydrophobic,H-non-aromatic",0.0
6.0,1.0,0.0,0.0,1.0,2.0,GLU,Negative,0.0
1.0,0.0,0.0,0.0,0.0,5.0,ARG,Positive,0.0
11.0,1.0,0.0,0.0,1.0,5.0,LYS,Positive,0.0
19.0,1.0,0.0,0.0,1.0,3.0,VAL,Non-polar,0.0
13.0,0.0,0.0,0.0,0.0,0.0,PHE,"Hydrophobic,H-aromatic",0.0
2.0,0.0,0.0,0.0,1.0,4.0,ASN,Polar,0.0
12.0,0.0,0.0,0.0,0.0,1.0,MET,"Hydrophobic,H-non-aromatic",0.0
14.0,0.0,0.0,0.0,0.0,3.0,PRO,Non-polar,0.0
10.0,0.0,0.0,0.0,0.0,1.0,LEU,"Hydrophobic,H-non-aromatic",0.0
11.0,0.0,0.0,0.0,1.0,5.0,LYS,Positive,0.0
10.0,0.0,0.0,0.0,0.0,1.0,LEU,"Hydrophobic,H-non-aromatic",0.0
3.0,0.0,0.0,0.0,0.0,2.0,ASP,Negative,0.0
7.0,0.0,0.0,0.0,0.0,3.0,GLY,Non-polar,0.0
7.0,0.0,0.0,0.0,0.0,3.0,GLY,Non-polar,0.0
1.0,0.0,0.0,0.0,0.0,5.0,ARG,Positive,0.0
5.0,0.0,0.0,0.0,0.0,4.0,GLN,Polar,0.0
2.0,1.0,0.0,0.0,1.0,4.0,ASN,Polar,0.0
19.0,0.0,0.0,0.0,0.0,3.0,VAL,Non-polar,0.0
3.0,0.0,0.0,0.0,0.0,2.0,ASP,Negative,0.0
9.0,0.0,0.0,0.0,0.0,1.0,ILE,"Hydrophobic,H-non-aromatic",0.0
7.0,0.0,0.0,0.0,0.0,3.0,GLY,Non-polar,0.0
0.0,0.0,0.0,0.0,0.0,3.0,ALA,Non-polar,0.0
19.0,0.0,0.0,0.0,0.0,3.0,VAL,Non-polar,0.0
11.0,0.0,0.0,0.0,1.0,5.0,LYS,Positive,0.0
7.0,0.0,0.0,0.0,0.0,3.0,GLY,Non-polar,0.0
16.0,0.0,0.0,0.0,1.0,4.0,THR,Polar,0.0
14.0,0.0,0.0,0.0,0.0,3.0,PRO,Non-polar,0.0
2.0,1.0,0.0,0.0,1.0,4.0,ASN,Polar,0.0
10.0,0.0,0.0,0.0,0.0,1.0,LEU,"Hydrophobic,H-non-aromatic",0.0
18.0,0.0,0.0,0.0,1.0,0.0,TYR,"Hydrophobic,H-aromatic",0.0
0.0,0.0,0.0,0.0,0.0,3.0,ALA,Non-polar,0.0
7.0,0.0,0.0,0.0,1.0,3.0,GLY,Non-polar,0.0
16.0,0.0,0.0,0.0,1.0,4.0,THR,Polar,0.0
9.0,0.0,0.0,0.0,0.0,1.0,ILE,"Hydrophobic,H-non-aromatic",0.0
7.0,1.0,0.0,0.0,1.0,3.0,GLY,Non-polar,0.0
2.0,0.0,0.0,0.0,0.0,4.0,ASN,Polar,0.0
10.0,0.0,0.0,0.0,0.0,1.0,LEU,"Hydrophobic,H-non-aromatic",0.0
15.0,0.0,0.0,0.0,0.0,4.0,SER,Polar,0.0
15.0,1.0,0.0,0.0,1.0,4.0,SER,Polar,0.0
11.0,0.0,0.0,0.0,1.0,5.0,LYS,Positive,0.0
14.0,1.0,0.0,0.0,1.0,3.0,PRO,Non-polar,0.0
5.0,1.0,0.0,0.0,1.0,4.0,GLN,Polar,0.0
18.0,0.0,0.0,0.0,0.0,0.0,TYR,"Hydrophobic,H-aromatic",0.0
10.0,0.0,0.0,0.0,0.0,1.0,LEU,"Hydrophobic,H-non-aromatic",0.0
6.0,0.0,0.0,0.0,1.0,2.0,GLU,Negative,0.0
14.0,0.0,0.0,0.0,0.0,3.0,PRO,Non-polar,0.0
16.0,0.0,0.0,0.0,0.0,4.0,THR,Polar,0.0
9.0,0.0,0.0,0.0,0.0,1.0,ILE,"Hydrophobic,H-non-aromatic",0.0
6.0,0.0,0.0,0.0,0.0,2.0,GLU,Negative,0.0
18.0,0.0,0.0,0.0,0.0,0.0,TYR,"Hydrophobic,H-aromatic",0.0
7.0,0.0,0.0,0.0,1.0,3.0,GLY,Non-polar,0.0
16.0,0.0,0.0,0.0,1.0,4.0,THR,Polar,0.0
8.0,1.0,0.0,0.0,1.0,4.0,HIS,Polar,0.0
4.0,0.0,0.0,0.0,0.0,1.0,CYS,"Hydrophobic,H-non-aromatic",0.0
3.0,0.0,0.0,0.0,1.0,2.0,ASP,Negative,0.0
11.0,0.0,0.0,0.0,1.0,5.0,LYS,Positive,0.0
3.0,1.0,0.0,0.0,1.0,2.0,ASP,Negative,0.0
8.0,0.0,0.0,0.0,0.0,4.0,HIS,Polar,0.0
1.0,0.0,0.0,0.0,1.0,5.0,ARG,Positive,0.0
0.0,1.0,0.0,0.0,1.0,3.0,ALA,Non-polar,0.0
12.0,0.0,0.0,0.0,1.0,1.0,MET,"Hydrophobic,H-non-aromatic",0.0
10.0,0.0,0.0,0.0,0.0,1.0,LEU,"Hydrophobic,H-non-aromatic",1.0
3.0,0.0,0.0,0.0,1.0,2.0,ASP,Negative,0.0
2.0,1.0,0.0,0.0,1.0,4.0,ASN,Polar,0.0
10.0,0.0,0.0,0.0,0.0,1.0,LEU,"Hydrophobic,H-non-aromatic",0.0
2.0,0.0,0.0,0.0,0.0,4.0,ASN,Polar,0.0
15.0,0.0,0.0,0.0,1.0,4.0,SER,Polar,0.0
14.0,0.0,0.0,0.0,0.0,3.0,PRO,Non-polar,0.0
15.0,0.0,0.0,0.0,0.0,4.0,SER,Polar,0.0
0.0,0.0,0.0,0.0,0.0,3.0,ALA,Non-polar,0.0
16.0,0.0,0.0,0.0,0.0,4.0,THR,Polar,0.0
15.0,0.0,0.0,0.0,0.0,4.0,SER,Polar,0.0
2.0,1.0,0.0,0.0,1.0,4.0,ASN,Polar,0.0
13.0,0.0,0.0,0.0,0.0,0.0,PHE,"Hydrophobic,H-aromatic",0.0
10.0,0.0,0.0,0.0,0.0,1.0,LEU,"Hydrophobic,H-non-aromatic",0.0
13.0,0.0,0.0,0.0,1.0,0.0,PHE,"Hydrophobic,H-aromatic",0.0
6.0,0.0,0.0,0.0,1.0,2.0,GLU,Negative,0.0
19.0,0.0,0.0,0.0,0.0,3.0,VAL,Non-polar,0.0
9.0,0.0,0.0,0.0,0.0,1.0,ILE,"Hydrophobic,H-non-aromatic",0.0
19.0,0.0,0.0,0.0,0.0,3.0,VAL,Non-polar,0.0
10.0,0.0,0.0,0.0,0.0,1.0,LEU,"Hydrophobic,H-non-aromatic",0.0
15.0,0.0,0.0,0.0,0.0,4.0,SER,Polar,0.0
15.0,0.0,0.0,0.0,0.0,4.0,SER,Polar,0.0
19.0,0.0,0.0,0.0,0.0,3.0,VAL,Non-polar,0.0
10.0,0.0,0.0,0.0,1.0,1.0,LEU,"Hydrophobic,H-non-aromatic",0.0
10.0,0.0,0.0,0.0,0.0,1.0,LEU,"Hydrophobic,H-non-aromatic",0.0
13.0,0.0,0.0,0.0,0.0,0.0,PHE,"Hydrophobic,H-aromatic",0.0
0.0,0.0,0.0,0.0,0.0,3.0,ALA,Non-polar,0.0
10.0,0.0,0.0,0.0,0.0,1.0,LEU,"Hydrophobic,H-non-aromatic",0.0
13.0,0.0,0.0,0.0,0.0,0.0,PHE,"Hydrophobic,H-aromatic",0.0
13.0,0.0,0.0,0.0,0.0,0.0,PHE,"Hydrophobic,H-aromatic",0.0
2.0,0.0,0.0,0.0,0.0,4.0,ASN,Polar,0.0
10.0,0.0,0.0,0.0,0.0,1.0,LEU,"Hydrophobic,H-non-aromatic",0.0
11.0,1.0,0.0,0.0,1.0,5.0,LYS,Positive,0.0
1.0,0.0,0.0,0.0,1.0,5.0,ARG,Positive,0.0
3.0,0.0,0.0,0.0,0.0,2.0,ASP,Negative,0.0
7.0,0.0,0.0,0.0,1.0,3.0,GLY,Non-polar,0.0
13.0,0.0,0.0,0.0,1.0,0.0,PHE,"Hydrophobic,H-aromatic",0.0
16.0,0.0,0.0,0.0,0.0,4.0,THR,Polar,0.0
10.0,0.0,0.0,0.0,0.0,1.0,LEU,"Hydrophobic,H-non-aromatic",0.0
9.0,0.0,0.0,0.0,0.0,1.0,ILE,"Hydrophobic,H-non-aromatic",0.0
16.0,0.0,0.0,0.0,0.0,4.0,THR,Polar,0.0
14.0,0.0,0.0,0.0,1.0,3.0,PRO,Non-polar,0.0
0.0,0.0,0.0,0.0,1.0,3.0,ALA,Non-polar,0.0
9.0,0.0,0.0,0.0,0.0,1.0,ILE,"Hydrophobic,H-non-aromatic",0.0
11.0,0.0,0.0,0.0,1.0,5.0,LYS,Positive,0.0
6.0,0.0,0.0,0.0,0.0,2.0,GLU,Negative,0.0
13.0,0.0,0.0,0.0,0.0,0.0,PHE,"Hydrophobic,H-aromatic",0.0
18.0,0.0,0.0,0.0,0.0,0.0,TYR,"Hydrophobic,H-aromatic",0.0
10.0,1.0,1.0,1.0,1.0,1.0,LEU,"Hydrophobic,H-non-aromatic",0.0
3.0,0.0,0.0,0.0,0.0,2.0,ASP,Negative,0.0
13.0,0.0,0.0,0.0,0.0,0.0,PHE,"Hydrophobic,H-aromatic",0.0
17.0,0.0,0.0,0.0,1.0,0.0,TRP,"Hydrophobic,H-aromatic",0.0
18.0,0.0,0.0,0.0,1.0,0.0,TYR,"Hydrophobic,H-aromatic",0.0
11.0,0.0,0.0,0.0,1.0,5.0,LYS,Positive,0.0
11.0,0.0,0.0,0.0,1.0,5.0,LYS,Positive,0.0
9.0,0.0,0.0,0.0,0.0,1.0,ILE,"Hydrophobic,H-non-aromatic",0.0
5.0,0.0,0.0,0.0,0.0,4.0,GLN,Polar,0.0
3.0,0.0,0.0,0.0,1.0,2.0,ASP,Negative,0.0
17.0,0.0,0.0,0.0,0.0,0.0,TRP,"Hydrophobic,H-aromatic",0.0
9.0,0.0,0.0,0.0,0.0,1.0,ILE,"Hydrophobic,H-non-aromatic",0.0
7.0,1.0,0.0,0.0,1.0,3.0,GLY,Non-polar,0.0
3.0,0.0,0.0,0.0,1.0,2.0,ASP,Negative,0.0
3.0,1.0,0.0,0.0,1.0,2.0,ASP,Negative,0.0
0.0,0.0,0.0,0.0,0.0,3.0,ALA,Non-polar,0.0
3.0,1.0,0.0,0.0,1.0,2.0,ASP,Negative,0.0
10.0,0.0,0.0,0.0,0.0,1.0,LEU,"Hydrophobic,H-non-aromatic",0.0
11.0,0.0,0.0,0.0,1.0,5.0,LYS,Positive,0.0
4.0,0.0,0.0,0.0,0.0,1.0,CYS,"Hydrophobic,H-non-aromatic",0.0
2.0,1.0,0.0,0.0,1.0,4.0,ASN,Polar,0.0
3.0,0.0,0.0,0.0,0.0,2.0,ASP,Negative,0.0
6.0,0.0,0.0,0.0,0.0,2.0,GLU,Negative,0.0
18.0,0.0,0.0,0.0,0.0,0.0,TYR,"Hydrophobic,H-aromatic",0.0
16.0,0.0,0.0,0.0,1.0,4.0,THR,Polar,0.0
2.0,1.0,0.0,0.0,1.0,4.0,ASN,Polar,0.0
7.0,1.0,0.0,0.0,1.0,3.0,GLY,Non-polar,0.0
9.0,0.0,0.0,0.0,0.0,1.0,ILE,"Hydrophobic,H-non-aromatic",0.0
9.0,0.0,0.0,0.0,0.0,1.0,ILE,"Hydrophobic,H-non-aromatic",0.0
0.0,1.0,0.0,0.0,1.0,3.0,ALA,Non-polar,0.0
10.0,0.0,0.0,0.0,0.0,1.0,LEU,"Hydrophobic,H-non-aromatic",0.0
2.0,0.0,0.0,0.0,0.0,4.0,ASN,Polar,0.0
9.0,0.0,0.0,0.0,0.0,1.0,ILE,"Hydrophobic,H-non-aromatic",0.0
10.0,0.0,0.0,0.0,0.0,1.0,LEU,"Hydrophobic,H-non-aromatic",0.0
10.0,0.0,0.0,0.0,0.0,1.0,LEU,"Hydrophobic,H-non-aromatic",0.0
9.0,1.0,1.0,0.0,1.0,1.0,ILE,"Hydrophobic,H-non-aromatic",0.0
18.0,0.0,0.0,0.0,0.0,0.0,TYR,"Hydrophobic,H-aromatic",0.0
11.0,0.0,0.0,0.0,0.0,5.0,LYS,Positive,0.0
0.0,1.0,0.0,0.0,1.0,3.0,ALA,Non-polar,0.0
13.0,0.0,0.0,0.0,0.0,0.0,PHE,"Hydrophobic,H-aromatic",0.0
8.0,0.0,0.0,0.0,1.0,4.0,HIS,Polar,0.0
12.0,0.0,0.0,0.0,0.0,1.0,MET,"Hydrophobic,H-non-aromatic",0.0
7.0,0.0,0.0,0.0,0.0,3.0,GLY,Non-polar,0.0
18.0,0.0,0.0,0.0,0.0,0.0,TYR,"Hydrophobic,H-aromatic",0.0
8.0,0.0,0.0,0.0,0.0,4.0,HIS,Polar,0.0
6.0,0.0,0.0,0.0,1.0,2.0,GLU,Negative,0.0
8.0,0.0,0.0,0.0,1.0,4.0,HIS,Polar,0.0
6.0,0.0,0.0,0.0,1.0,2.0,GLU,Negative,0.0
0.0,0.0,0.0,0.0,0.0,3.0,ALA,Non-polar,0.0
14.0,0.0,0.0,0.0,0.0,3.0,PRO,Non-polar,0.0
3.0,0.0,0.0,0.0,1.0,2.0,ASP,Negative,0.0
1.0,0.0,0.0,0.0,1.0,5.0,ARG,Positive,0.0
2.0,0.0,0.0,0.0,0.0,4.0,ASN,Polar,0.0
1.0,0.0,0.0,0.0,0.0,5.0,ARG,Positive,0.0
3.0,0.0,0.0,0.0,1.0,2.0,ASP,Negative,0.0
15.0,0.0,0.0,0.0,1.0,4.0,SER,Polar,0.0
19.0,0.0,0.0,0.0,0.0,3.0,VAL,Non-polar,0.0
1.0,0.0,0.0,0.0,1.0,5.0,ARG,Positive,0.0
4.0,0.0,0.0,0.0,0.0,1.0,CYS,"Hydrophobic,H-non-aromatic",0.0
17.0,0.0,0.0,0.0,0.0,0.0,TRP,"Hydrophobic,H-aromatic",0.0
3.0,0.0,0.0,0.0,1.0,2.0,ASP,Negative,0.0
0.0,0.0,0.0,0.0,0.0,3.0,ALA,Non-polar,0.0
12.0,0.0,0.0,0.0,0.0,1.0,MET,"Hydrophobic,H-non-aromatic",0.0
7.0,0.0,0.0,0.0,0.0,3.0,GLY,Non-polar,0.0
0.0,1.0,0.0,0.0,1.0,3.0,ALA,Non-polar,0.0
9.0,0.0,0.0,0.0,0.0,1.0,ILE,"Hydrophobic,H-non-aromatic",0.0
18.0,0.0,0.0,0.0,0.0,0.0,TYR,"Hydrophobic,H-aromatic",0.0
0.0,1.0,0.0,0.0,1.0,3.0,ALA,Non-polar,0.0
13.0,0.0,0.0,0.0,0.0,0.0,PHE,"Hydrophobic,H-aromatic",0.0
0.0,0.0,0.0,0.0,0.0,3.0,ALA,Non-polar,0.0
6.0,0.0,0.0,0.0,0.0,2.0,GLU,Negative,0.0
12.0,0.0,0.0,0.0,0.0,1.0,MET,"Hydrophobic,H-non-aromatic",0.0
6.0,0.0,0.0,0.0,1.0,2.0,GLU,Negative,0.0
14.0,0.0,0.0,0.0,0.0,3.0,PRO,Non-polar,0.0
15.0,0.0,0.0,0.0,0.0,4.0,SER,Polar,1.0
2.0,0.0,0.0,0.0,0.0,4.0,ASN,Polar,0.0
6.0,0.0,0.0,0.0,0.0,2.0,GLU,Negative,0.0
19.0,0.0,0.0,0.0,1.0,3.0,VAL,Non-polar,0.0
19.0,0.0,0.0,0.0,0.0,3.0,VAL,Non-polar,0.0
10.0,0.0,0.0,0.0,0.0,1.0,LEU,"Hydrophobic,H-non-aromatic",0.0
16.0,1.0,0.0,0.0,1.0,4.0,THR,Polar,0.0
13.0,0.0,0.0,0.0,1.0,0.0,PHE,"Hydrophobic,H-aromatic",0.0
11.0,0.0,0.0,0.0,1.0,5.0,LYS,Positive,0.0
11.0,0.0,0.0,0.0,1.0,5.0,LYS,Positive,0.0
7.0,0.0,0.0,0.0,1.0,3.0,GLY,Non-polar,0.0
8.0,0.0,0.0,0.0,0.0,4.0,HIS,Polar,0.0
9.0,0.0,0.0,0.0,0.0,1.0,ILE,"Hydrophobic,H-non-aromatic",0.0
1.0,0.0,0.0,0.0,0.0,5.0,ARG,Positive,0.0
2.0,0.0,0.0,0.0,1.0,4.0,ASN,Polar,0.0
9.0,0.0,0.0,0.0,0.0,1.0,ILE,"Hydrophobic,H-non-aromatic",0.0
12.0,0.0,0.0,0.0,0.0,1.0,MET,"Hydrophobic,H-non-aromatic",0.0
10.0,0.0,0.0,0.0,0.0,1.0,LEU,"Hydrophobic,H-non-aromatic",0.0
3.0,0.0,0.0,0.0,1.0,2.0,ASP,Negative,0.0
14.0,0.0,0.0,0.0,0.0,3.0,PRO,Non-polar,0.0
3.0,0.0,0.0,0.0,0.0,2.0,ASP,Negative,0.0
6.0,0.0,0.0,0.0,0.0,2.0,GLU,Negative,0.0
11.0,0.0,0.0,0.0,1.0,5.0,LYS,Positive,0.0
15.0,1.0,0.0,0.0,1.0,4.0,SER,Polar,0.0
15.0,0.0,0.0,0.0,1.0,4.0,SER,Polar,0.0
2.0,1.0,0.0,0.0,1.0,4.0,ASN,Polar,0.0
0.0,0.0,0.0,0.0,0.0,3.0,ALA,Non-polar,0.0
10.0,0.0,0.0,0.0,0.0,1.0,LEU,"Hydrophobic,H-non-aromatic",0.0
10.0,0.0,0.0,0.0,0.0,1.0,LEU,"Hydrophobic,H-non-aromatic",0.0
2.0,0.0,0.0,0.0,1.0,4.0,ASN,Polar,0.0
11.0,0.0,0.0,0.0,1.0,5.0,LYS,Positive,0.0
2.0,0.0,0.0,0.0,1.0,4.0,ASN,Polar,0.0
8.0,0.0,0.0,0.0,0.0,4.0,HIS,Polar,0.0
11.0,1.0,0.0,0.0,1.0,5.0,LYS,Positive,0.0
3.0,0.0,0.0,0.0,0.0,2.0,ASP,Negative,0.0
15.0,0.0,0.0,0.0,0.0,4.0,SER,Polar,0.0
12.0,0.0,0.0,0.0,0.0,1.0,MET,"Hydrophobic,H-non-aromatic",0.0
5.0,0.0,0.0,0.0,1.0,4.0,GLN,Polar,0.0
10.0,0.0,0.0,0.0,0.0,1.0,LEU,"Hydrophobic,H-non-aromatic",0.0
6.0,0.0,0.0,0.0,0.0,2.0,GLU,Negative,0.0
11.0,0.0,0.0,0.0,1.0,5.0,LYS,Positive,0.0
15.0,0.0,0.0,0.0,0.0,4.0,SER,Polar,0.0
10.0,0.0,0.0,0.0,0.0,1.0,LEU,"Hydrophobic,H-non-aromatic",0.0
13.0,0.0,0.0,0.0,1.0,0.0,PHE,"Hydrophobic,H-aromatic",0.0
13.0,0.0,0.0,0.0,0.0,0.0,PHE,"Hydrophobic,H-aromatic",0.0
3.0,1.0,0.0,0.0,1.0,2.0,ASP,Negative,0.0
0.0,0.0,0.0,0.0,1.0,3.0,ALA,Non-polar,0.0
5.0,0.0,0.0,0.0,1.0,4.0,GLN,Polar,0.0
14.0,0.0,0.0,0.0,1.0,3.0,PRO,Non-polar,0.0
14.0,1.0,0.0,0.0,1.0,3.0,PRO,Non-polar,0.0
7.0,0.0,0.0,0.0,0.0,3.0,GLY,Non-polar,0.0
17.0,0.0,0.0,0.0,0.0,0.0,TRP,"Hydrophobic,H-aromatic",0.0
6.0,0.0,0.0,0.0,0.0,2.0,GLU,Negative,0.0
10.0,0.0,0.0,0.0,0.0,1.0,LEU,"Hydrophobic,H-non-aromatic",0.0
19.0,0.0,0.0,0.0,0.0,3.0,VAL,Non-polar,0.0
2.0,0.0,0.0,0.0,0.0,4.0,ASN,Polar,1.0
7.0,0.0,0.0,0.0,1.0,3.0,GLY,Non-polar,0.0
10.0,0.0,0.0,0.0,1.0,1.0,LEU,"Hydrophobic,H-non-aromatic",0.0
17.0,0.0,0.0,0.0,1.0,0.0,TRP,"Hydrophobic,H-aromatic",0.0
14.0,0.0,0.0,0.0,0.0,3.0,PRO,Non-polar,0.0
1.0,0.0,0.0,0.0,1.0,5.0,ARG,Positive,0.0
7.0,1.0,0.0,0.0,1.0,3.0,GLY,Non-polar,0.0
10.0,0.0,0.0,0.0,0.0,1.0,LEU,"Hydrophobic,H-non-aromatic",0.0
3.0,0.0,0.0,0.0,1.0,2.0,ASP,Negative,0.0
9.0,0.0,0.0,0.0,0.0,1.0,ILE,"Hydrophobic,H-non-aromatic",0.0
11.0,0.0,0.0,0.0,1.0,5.0,LYS,Positive,0.0
3.0,0.0,0.0,0.0,1.0,2.0,ASP,Negative,0.0
19.0,0.0,0.0,0.0,1.0,3.0,VAL,Non-polar,0.0
11.0,0.0,0.0,0.0,1.0,5.0,LYS,Positive,0.0
15.0,0.0,0.0,0.0,0.0,4.0,SER,Polar,0.0
6.0,1.0,0.0,0.0,1.0,2.0,GLU,Negative,0.0
5.0,1.0,0.0,0.0,1.0,4.0,GLN,Polar,0.0
19.0,1.0,0.0,0.0,1.0,3.0,VAL,Non-polar,0.0
11.0,0.0,0.0,0.0,1.0,5.0,LYS,Positive,0.0
2.0,1.0,0.0,0.0,1.0,4.0,ASN,Polar,0.0
14.0,1.0,0.0,0.0,1.0,3.0,PRO,Non-polar,0.0
6.0,0.0,0.0,0.0,0.0,2.0,GLU,Negative,0.0
6.0,1.0,0.0,0.0,1.0,2.0,GLU,Negative,0.0
15.0,0.0,0.0,0.0,0.0,4.0,SER,Polar,0.0
4.0,0.0,0.0,0.0,0.0,1.0,CYS,"Hydrophobic,H-non-aromatic",0.0
16.0,0.0,0.0,0.0,0.0,4.0,THR,Polar,0.0
9.0,0.0,0.0,0.0,0.0,1.0,ILE,"Hydrophobic,H-non-aromatic",0.0
10.0,0.0,0.0,0.0,0.0,1.0,LEU,"Hydrophobic,H-non-aromatic",0.0
17.0,0.0,0.0,0.0,0.0,0.0,TRP,"Hydrophobic,H-aromatic",0.0
7.0,0.0,0.0,0.0,1.0,3.0,GLY,Non-polar,0.0
2.0,1.0,0.0,0.0,1.0,4.0,ASN,Polar,0.0
18.0,0.0,0.0,0.0,0.0,0.0,TYR,"Hydrophobic,H-aromatic",0.0
6.0,0.0,0.0,0.0,1.0,2.0,GLU,Negative,0.0
14.0,0.0,0.0,0.0,0.0,3.0,PRO,Non-polar,0.0
18.0,0.0,0.0,0.0,0.0,0.0,TYR,"Hydrophobic,H-aromatic",0.0
0.0,0.0,0.0,0.0,1.0,3.0,ALA,Non-polar,0.0
16.0,0.0,0.0,0.0,0.0,4.0,THR,Polar,0.0
8.0,0.0,0.0,0.0,1.0,4.0,HIS,Polar,0.0
12.0,0.0,0.0,0.0,0.0,1.0,MET,"Hydrophobic,H-non-aromatic",0.0
1.0,0.0,0.0,0.0,0.0,5.0,ARG,Positive,0.0
19.0,0.0,0.0,0.0,0.0,3.0,VAL,Non-polar,0.0
0.0,0.0,0.0,0.0,1.0,3.0,ALA,Non-polar,0.0
6.0,0.0,0.0,0.0,1.0,2.0,GLU,Negative,0.0
19.0,0.0,0.0,0.0,0.0,3.0,VAL,Non-polar,0.0
11.0,0.0,0.0,0.0,1.0,5.0,LYS,Positive,0.0
18.0,0.0,0.0,0.0,1.0,0.0,TYR,"Hydrophobic,H-aromatic",0.0
2.0,1.0,0.0,0.0,1.0,4.0,ASN,Polar,0.0
10.0,0.0,0.0,0.0,0.0,1.0,LEU,"Hydrophobic,H-non-aromatic",0.0
19.0,0.0,0.0,0.0,0.0,3.0,VAL,Non-polar,0.0
9.0,0.0,0.0,0.0,0.0,1.0,ILE,"Hydrophobic,H-non-aromatic",0.0
8.0,0.0,0.0,0.0,0.0,4.0,HIS,Polar,0.0
10.0,0.0,0.0,0.0,0.0,1.0,LEU,"Hydrophobic,H-non-aromatic",0.0
8.0,0.0,0.0,0.0,0.0,4.0,HIS,Polar,0.0
16.0,0.0,0.0,0.0,0.0,4.0,THR,Polar,0.0
2.0,1.0,0.0,0.0,1.0,4.0,ASN,Polar,0.0
13.0,0.0,0.0,0.0,1.0,0.0,PHE,"Hydrophobic,H-aromatic",0.0
8.0,0.0,0.0,0.0,1.0,4.0,HIS,Polar,0.0
18.0,0.0,0.0,0.0,1.0,0.0,TYR,"Hydrophobic,H-aromatic",0.0
16.0,1.0,0.0,0.0,1.0,4.0,THR,Polar,0.0
19.0,0.0,0.0,0.0,0.0,3.0,VAL,Non-polar,0.0
18.0,0.0,0.0,0.0,0.0,0.0,TYR,"Hydrophobic,H-aromatic",0.0
7.0,1.0,0.0,0.0,1.0,3.0,GLY,Non-polar,0.0
18.0,0.0,0.0,0.0,0.0,0.0,TYR,"Hydrophobic,H-aromatic",0.0
0.0,0.0,0.0,0.0,0.0,3.0,ALA,Non-polar,0.0
15.0,0.0,0.0,0.0,0.0,4.0,SER,Polar,0.0
11.0,0.0,0.0,0.0,1.0,5.0,LYS,Positive,0.0
2.0,0.0,0.0,0.0,1.0,4.0,ASN,Polar,0.0
15.0,0.0,0.0,0.0,0.0,4.0,SER,Polar,0.0
9.0,0.0,0.0,0.0,1.0,1.0,ILE,"Hydrophobic,H-non-aromatic",0.0
2.0,1.0,0.0,0.0,1.0,4.0,ASN,Polar,0.0
13.0,0.0,0.0,0.0,0.0,0.0,PHE,"Hydrophobic,H-aromatic",0.0
11.0,0.0,0.0,0.0,1.0,5.0,LYS,Positive,0.0
18.0,0.0,0.0,0.0,0.0,0.0,TYR,"Hydrophobic,H-aromatic",0.0
3.0,1.0,0.0,0.0,1.0,2.0,ASP,Negative,0.0
19.0,0.0,0.0,0.0,0.0,3.0,VAL,Non-polar,0.0
3.0,1.0,0.0,0.0,1.0,2.0,ASP,Negative,0.0
10.0,0.0,0.0,0.0,0.0,1.0,LEU,"Hydrophobic,H-non-aromatic",0.0
7.0,0.0,0.0,0.0,0.0,3.0,GLY,Non-polar,0.0
13.0,0.0,0.0,0.0,0.0,0.0,PHE,"Hydrophobic,H-aromatic",0.0
7.0,0.0,0.0,0.0,0.0,3.0,GLY,Non-polar,0.0
10.0,0.0,0.0,0.0,1.0,1.0,LEU,"Hydrophobic,H-non-aromatic",0.0
6.0,0.0,0.0,0.0,1.0,2.0,GLU,Negative,0.0
16.0,0.0,0.0,0.0,1.0,4.0,THR,Polar,0.0
19.0,0.0,0.0,0.0,0.0,3.0,VAL,Non-polar,0.0
8.0,1.0,0.0,0.0,1.0,4.0,HIS,Polar,0.0
16.0,0.0,0.0,0.0,0.0,4.0,THR,Polar,0.0
14.0,0.0,0.0,0.0,0.0,3.0,PRO,Non-polar,0.0
15.0,1.0,0.0,0.0,1.0,4.0,SER,Polar,0.0
6.0,1.0,0.0,0.0,1.0,2.0,GLU,Negative,0.0
1.0,0.0,0.0,0.0,0.0,5.0,ARG,Positive,0.0
7.0,0.0,0.0,0.0,1.0,3.0,GLY,Non-polar,0.0
11.0,1.0,0.0,0.0,1.0,5.0,LYS,Positive,0.0
15.0,0.0,0.0,0.0,0.0,4.0,SER,Polar,0.0
6.0,1.0,0.0,0.0,1.0,2.0,GLU,Negative,0.0
18.0,0.0,0.0,0.0,0.0,0.0,TYR,"Hydrophobic,H-aromatic",0.0
13.0,0.0,0.0,0.0,0.0,0.0,PHE,"Hydrophobic,H-aromatic",0.0
13.0,0.0,0.0,0.0,0.0,0.0,PHE,"Hydrophobic,H-aromatic",0.0
16.0,0.0,0.0,0.0,0.0,4.0,THR,Polar,0.0
18.0,1.0,1.0,0.0,1.0,0.0,TYR,"Hydrophobic,H-aromatic",0.0
11.0,1.0,0.0,0.0,1.0,5.0,LYS,Positive,0.0
6.0,1.0,0.0,0.0,1.0,2.0,GLU,Negative,0.0
10.0,0.0,0.0,0.0,0.0,1.0,LEU,"Hydrophobic,H-non-aromatic",0.0
15.0,0.0,0.0,0.0,0.0,4.0,SER,Polar,0.0
15.0,0.0,0.0,0.0,0.0,4.0,SER,Polar,0.0
13.0,0.0,0.0,0.0,1.0,0.0,PHE,"Hydrophobic,H-aromatic",0.0
3.0,1.0,0.0,0.0,1.0,2.0,ASP,Negative,0.0
17.0,0.0,0.0,0.0,0.0,0.0,TRP,"Hydrophobic,H-aromatic",0.0
14.0,0.0,0.0,0.0,0.0,3.0,PRO,Non-polar,0.0
7.0,1.0,0.0,0.0,1.0,3.0,GLY,Non-polar,0.0
10.0,1.0,1.0,0.0,1.0,1.0,LEU,"Hydrophobic,H-non-aromatic",0.0
11.0,0.0,0.0,0.0,1.0,5.0,LYS,Positive,0.0
12.0,0.0,0.0,0.0,0.0,1.0,MET,"Hydrophobic,H-non-aromatic",0.0
18.0,0.0,0.0,0.0,1.0,0.0,TYR,"Hydrophobic,H-aromatic",0.0
10.0,0.0,0.0,0.0,1.0,1.0,LEU,"Hydrophobic,H-non-aromatic",0.0
19.0,0.0,0.0,0.0,0.0,3.0,VAL,Non-polar,0.0
16.0,0.0,0.0,0.0,0.0,4.0,THR,Polar,0.0
10.0,0.0,0.0,0.0,1.0,1.0,LEU,"Hydrophobic,H-non-aromatic",0.0
18.0,0.0,0.0,0.0,0.0,0.0,TYR,"Hydrophobic,H-aromatic",0.0
16.0,0.0,0.0,0.0,0.0,4.0,THR,Polar,0.0
14.0,0.0,0.0,0.0,0.0,3.0,PRO,Non-polar,0.0
10.0,0.0,0.0,0.0,0.0,1.0,LEU,"Hydrophobic,H-non-aromatic",0.0
11.0,0.0,0.0,0.0,1.0,5.0,LYS,Positive,0.0
18.0,0.0,0.0,0.0,0.0,0.0,TYR,"Hydrophobic,H-aromatic",0.0
15.0,0.0,0.0,0.0,0.0,4.0,SER,Polar,0.0
6.0,1.0,0.0,0.0,1.0,2.0,GLU,Negative,0.0
6.0,1.0,0.0,0.0,1.0,2.0,GLU,Negative,0.0
0.0,1.0,0.0,0.0,1.0,3.0,ALA,Non-polar,0.0
12.0,0.0,0.0,0.0,1.0,1.0,MET,"Hydrophobic,H-non-aromatic",0.0
15.0,0.0,0.0,0.0,1.0,4.0,SER,Polar,0.0
2.0,1.0,0.0,0.0,1.0,4.0,ASN,Polar,0.0
1.0,0.0,0.0,0.0,1.0,5.0,ARG,Positive,0.0
0.0,0.0,0.0,0.0,1.0,3.0,ALA,Non-polar,0.0
3.0,0.0,0.0,0.0,0.0,2.0,ASP,Negative,0.0
0.0,1.0,0.0,0.0,1.0,3.0,ALA,Non-polar,0.0
8.0,0.0,0.0,0.0,0.0,4.0,HIS,Polar,0.0
11.0,0.0,0.0,0.0,1.0,5.0,LYS,Positive,0.0
16.0,1.0,0.0,0.0,1.0,4.0,THR,Polar,0.0
0.0,0.0,0.0,0.0,1.0,3.0,ALA,Non-polar,0.0
0.0,1.0,0.0,0.0,1.0,3.0,ALA,Non-polar,0.0
4.0,0.0,0.0,0.0,0.0,1.0,CYS,"Hydrophobic,H-non-aromatic",0.0
10.0,0.0,0.0,0.0,0.0,1.0,LEU,"Hydrophobic,H-non-aromatic",0.0
19.0,0.0,0.0,0.0,0.0,3.0,VAL,Non-polar,0.0
13.0,0.0,0.0,0.0,1.0,0.0,PHE,"Hydrophobic,H-aromatic",0.0
7.0,0.0,0.0,0.0,0.0,3.0,GLY,Non-polar,0.0
10.0,0.0,0.0,0.0,0.0,1.0,LEU,"Hydrophobic,H-non-aromatic",0.0
6.0,1.0,0.0,0.0,1.0,2.0,GLU,Negative,0.0
18.0,0.0,0.0,0.0,0.0,0.0,TYR,"Hydrophobic,H-aromatic",0.0
9.0,0.0,0.0,0.0,0.0,1.0,ILE,"Hydrophobic,H-non-aromatic",0.0
18.0,1.0,1.0,0.0,1.0,0.0,TYR,"Hydrophobic,H-aromatic",0.0
3.0,0.0,0.0,0.0,1.0,2.0,ASP,Negative,0.0
14.0,0.0,0.0,0.0,1.0,3.0,PRO,Non-polar,0.0
15.0,0.0,0.0,0.0,0.0,4.0,SER,Polar,0.0
1.0,0.0,0.0,0.0,0.0,5.0,ARG,Positive,0.0
13.0,0.0,0.0,0.0,0.0,0.0,PHE,"Hydrophobic,H-aromatic",0.0
3.0,1.0,0.0,0.0,1.0,2.0,ASP,Negative,0.0
7.0,0.0,0.0,0.0,0.0,3.0,GLY,Non-polar,0.0
16.0,0.0,0.0,0.0,1.0,4.0,THR,Polar,0.0
6.0,0.0,0.0,0.0,1.0,2.0,GLU,Negative,0.0
18.0,0.0,0.0,0.0,0.0,0.0,TYR,"Hydrophobic,H-aromatic",0.0
9.0,0.0,0.0,0.0,0.0,1.0,ILE,"Hydrophobic,H-non-aromatic",0.0
0.0,0.0,0.0,0.0,0.0,3.0,ALA,Non-polar,0.0
16.0,0.0,0.0,0.0,0.0,4.0,THR,Polar,0.0
2.0,0.0,0.0,0.0,1.0,4.0,ASN,Polar,0.0
2.0,0.0,0.0,0.0,0.0,4.0,ASN,Polar,0.0
19.0,0.0,0.0,0.0,0.0,3.0,VAL,Non-polar,0.0
2.0,0.0,0.0,0.0,0.0,4.0,ASN,Polar,0.0
15.0,0.0,0.0,0.0,0.0,4.0,SER,Polar,0.0
19.0,0.0,0.0,0.0,1.0,3.0,VAL,Non-polar,0.0
9.0,0.0,0.0,0.0,0.0,1.0,ILE,"Hydrophobic,H-non-aromatic",0.0
1.0,0.0,0.0,0.0,1.0,5.0,ARG,Positive,0.0
11.0,0.0,0.0,0.0,1.0,5.0,LYS,Positive,0.0
3.0,0.0,0.0,0.0,1.0,2.0,ASP,Negative,0.0
2.0,0.0,0.0,0.0,0.0,4.0,ASN,Polar,0.0
15.0,0.0,0.0,0.0,0.0,4.0,SER,Polar,0.0
8.0,0.0,0.0,0.0,0.0,4.0,HIS,Polar,0.0
0.0,0.0,0.0,0.0,0.0,3.0,ALA,Non-polar,0.0
5.0,1.0,0.0,0.0,1.0,4.0,GLN,Polar,0.0
16.0,0.0,0.0,0.0,0.0,4.0,THR,Polar,0.0
11.0,0.0,0.0,0.0,1.0,5.0,LYS,Positive,0.0
19.0,0.0,0.0,0.0,0.0,3.0,VAL,Non-polar,0.0
10.0,0.0,0.0,0.0,0.0,1.0,LEU,"Hydrophobic,H-non-aromatic",0.0
9.0,0.0,0.0,0.0,0.0,1.0,ILE,"Hydrophobic,H-non-aromatic",0.0
3.0,0.0,0.0,0.0,0.0,2.0,ASP,Negative,0.0
7.0,0.0,0.0,0.0,1.0,3.0,GLY,Non-polar,0.0
13.0,0.0,0.0,0.0,0.0,0.0,PHE,"Hydrophobic,H-aromatic",0.0
11.0,0.0,0.0,0.0,1.0,5.0,LYS,Positive,0.0
1.0,0.0,0.0,0.0,0.0,5.0,ARG,Positive,0.0
15.0,0.0,0.0,0.0,0.0,4.0,SER,Polar,0.0
3.0,1.0,0.0,0.0,1.0,2.0,ASP,Negative,0.0
3.0,0.0,0.0,0.0,0.0,2.0,ASP,Negative,0.0
19.0,0.0,0.0,0.0,0.0,3.0,VAL,Non-polar,0.0
19.0,0.0,0.0,0.0,1.0,3.0,VAL,Non-polar,0.0
15.0,0.0,0.0,0.0,0.0,4.0,SER,Polar,0.0
14.0,0.0,0.0,0.0,1.0,3.0,PRO,Non-polar,0.0
2.0,0.0,0.0,0.0,0.0,4.0,ASN,Polar,0.0
9.0,0.0,0.0,0.0,0.0,1.0,ILE,"Hydrophobic,H-non-aromatic",0.0
3.0,1.0,0.0,0.0,1.0,2.0,ASP,Negative,0.0
7.0,0.0,0.0,0.0,0.0,3.0,GLY,Non-polar,0.0
11.0,1.0,0.0,0.0,1.0,5.0,LYS,Positive,0.0
14.0,0.0,0.0,0.0,0.0,3.0,PRO,Non-polar,0.0
19.0,0.0,0.0,0.0,0.0,3.0,VAL,Non-polar,0.0
16.0,0.0,0.0,0.0,0.0,4.0,THR,Polar,0.0
8.0,0.0,0.0,0.0,0.0,4.0,HIS,Polar,0.0
19.0,0.0,0.0,0.0,0.0,3.0,VAL,Non-polar,0.0
11.0,0.0,0.0,0.0,0.0,5.0,LYS,Positive,0.0
18.0,0.0,0.0,0.0,0.0,0.0,TYR,"Hydrophobic,H-aromatic",0.0
3.0,0.0,0.0,0.0,1.0,2.0,ASP,Negative,0.0
10.0,0.0,0.0,0.0,0.0,1.0,LEU,"Hydrophobic,H-non-aromatic",0.0
7.0,1.0,0.0,0.0,1.0,3.0,GLY,Non-polar,0.0
5.0,1.0,0.0,0.0,1.0,4.0,GLN,Polar,0.0
9.0,0.0,0.0,0.0,0.0,1.0,ILE,"Hydrophobic,H-non-aromatic",0.0
15.0,1.0,0.0,0.0,1.0,4.0,SER,Polar,0.0
16.0,0.0,0.0,0.0,1.0,4.0,THR,Polar,0.0
19.0,0.0,0.0,0.0,0.0,3.0,VAL,Non-polar,0.0
18.0,0.0,0.0,0.0,0.0,0.0,TYR,"Hydrophobic,H-aromatic",0.0
10.0,0.0,0.0,0.0,1.0,1.0,LEU,"Hydrophobic,H-non-aromatic",0.0
8.0,0.0,0.0,0.0,0.0,4.0,HIS,Polar,0.0
15.0,0.0,0.0,0.0,1.0,4.0,SER,Polar,0.0
19.0,0.0,0.0,0.0,0.0,3.0,VAL,Non-polar,0.0
15.0,0.0,0.0,0.0,0.0,4.0,SER,Polar,0.0
9.0,0.0,0.0,0.0,0.0,1.0,ILE,"Hydrophobic,H-non-aromatic",0.0
7.0,0.0,0.0,0.0,1.0,3.0,GLY,Non-polar,0.0
19.0,0.0,0.0,0.0,0.0,3.0,VAL,Non-polar,0.0
15.0,0.0,0.0,0.0,0.0,4.0,SER,Polar,0.0
2.0,0.0,0.0,0.0,1.0,4.0,ASN,Polar,0.0
14.0,0.0,0.0,0.0,1.0,3.0,PRO,Non-polar,0.0
6.0,0.0,0.0,0.0,0.0,2.0,GLU,Negative,0.0
0.0,0.0,0.0,0.0,0.0,3.0,ALA,Non-polar,0.0
19.0,0.0,0.0,0.0,0.0,3.0,VAL,Non-polar,0.0
10.0,0.0,0.0,0.0,0.0,1.0,LEU,"Hydrophobic,H-non-aromatic",0.0
11.0,0.0,0.0,0.0,0.0,5.0,LYS,Positive,0.0
5.0,1.0,0.0,0.0,1.0,4.0,GLN,Polar,0.0
16.0,0.0,0.0,0.0,0.0,4.0,THR,Polar,0.0
11.0,0.0,0.0,0.0,0.0,5.0,LYS,Positive,0.0
8.0,0.0,0.0,0.0,0.0,4.0,HIS,Polar,0.0
13.0,0.0,0.0,0.0,0.0,0.0,PHE,"Hydrophobic,H-aromatic",0.0
7.0,0.0,0.0,0.0,1.0,3.0,GLY,Non-polar,0.0
5.0,0.0,0.0,0.0,0.0,4.0,GLN,Polar,0.0
10.0,0.0,0.0,0.0,1.0,1.0,LEU,"Hydrophobic,H-non-aromatic",0.0
0.0,0.0,0.0,0.0,1.0,3.0,ALA,Non-polar,0.0
18.0,0.0,0.0,0.0,0.0,0.0,TYR,"Hydrophobic,H-aromatic",0.0
9.0,0.0,0.0,0.0,0.0,1.0,ILE,"Hydrophobic,H-non-aromatic",0.0
3.0,0.0,0.0,0.0,1.0,2.0,ASP,Negative,0.0
0.0,0.0,0.0,0.0,0.0,3.0,ALA,Non-polar,0.0
7.0,0.0,0.0,0.0,1.0,3.0,GLY,Non-polar,0.0
3.0,0.0,0.0,0.0,1.0,2.0,ASP,Negative,0.0
7.0,0.0,0.0,0.0,0.0,3.0,GLY,Non-polar,0.0
11.0,0.0,0.0,0.0,1.0,5.0,LYS,Positive,0.0
7.0,1.0,0.0,0.0,1.0,3.0,GLY,Non-polar,0.0
1.0,0.0,0.0,0.0,1.0,5.0,ARG,Positive,0.0
14.0,0.0,0.0,0.0,1.0,3.0,PRO,Non-polar,0.0
0.0,1.0,0.0,0.0,1.0,3.0,ALA,Non-polar,0.0
7.0,0.0,0.0,0.0,1.0,3.0,GLY,Non-polar,0.0
18.0,1.0,1.0,0.0,1.0,0.0,TYR,"Hydrophobic,H-aromatic",0.0
3.0,1.0,0.0,0.0,1.0,2.0,ASP,Negative,0.0
5.0,0.0,0.0,0.0,0.0,4.0,GLN,Polar,0.0
16.0,0.0,0.0,0.0,0.0,4.0,THR,Polar,0.0
2.0,0.0,0.0,0.0,0.0,4.0,ASN,Polar,0.0
10.0,0.0,0.0,0.0,0.0,1.0,LEU,"Hydrophobic,H-non-aromatic",0.0
2.0,0.0,0.0,0.0,1.0,4.0,ASN,Polar,0.0
7.0,0.0,0.0,0.0,0.0,3.0,GLY,Non-polar,0.0
6.0,1.0,0.0,0.0,1.0,2.0,GLU,Negative,0.0
13.0,0.0,0.0,0.0,0.0,0.0,PHE,"Hydrophobic,H-aromatic",0.0
15.0,0.0,0.0,0.0,0.0,4.0,SER,Polar,0.0
7.0,0.0,0.0,0.0,0.0,3.0,GLY,Non-polar,0.0
15.0,0.0,0.0,0.0,0.0,4.0,SER,Polar,0.0
6.0,0.0,0.0,0.0,0.0,2.0,GLU,Negative,0.0
18.0,0.0,0.0,0.0,0.0,0.0,TYR,"Hydrophobic,H-aromatic",0.0
19.0,0.0,0.0,0.0,1.0,3.0,VAL,Non-polar,0.0
8.0,0.0,0.0,0.0,0.0,4.0,HIS,Polar,0.0
0.0,0.0,0.0,0.0,0.0,3.0,ALA,Non-polar,0.0
10.0,0.0,0.0,0.0,0.0,1.0,LEU,"Hydrophobic,H-non-aromatic",0.0
11.0,1.0,0.0,0.0,1.0,5.0,LYS,Positive,0.0
1.0,0.0,0.0,0.0,0.0,5.0,ARG,Positive,0.0
8.0,0.0,0.0,0.0,0.0,4.0,HIS,Polar,0.0
6.0,0.0,0.0,0.0,1.0,2.0,GLU,Negative,0.0
10.0,0.0,0.0,0.0,1.0,1.0,LEU,"Hydrophobic,H-non-aromatic",0.0
16.0,0.0,0.0,0.0,0.0,4.0,THR,Polar,0.0
6.0,0.0,0.0,0.0,1.0,2.0,GLU,Negative,0.0
2.0,0.0,0.0,0.0,0.0,4.0,ASN,Polar,0.0
11.0,0.0,0.0,0.0,1.0,5.0,LYS,Positive,0.0
19.0,0.0,0.0,0.0,0.0,3.0,VAL,Non-polar,0.0
11.0,0.0,0.0,0.0,1.0,5.0,LYS,Positive,0.0
7.0,1.0,0.0,0.0,1.0,3.0,GLY,Non-polar,0.0
11.0,1.0,0.0,0.0,1.0,5.0,LYS,Positive,0.0
7.0,0.0,0.0,0.0,0.0,3.0,GLY,Non-polar,0.0
13.0,0.0,0.0,0.0,0.0,0.0,PHE,"Hydrophobic,H-aromatic",0.0
0.0,0.0,0.0,0.0,1.0,3.0,ALA,Non-polar,0.0
19.0,0.0,0.0,0.0,0.0,3.0,VAL,Non-polar,0.0
15.0,0.0,0.0,0.0,1.0,4.0,SER,Polar,0.0
5.0,0.0,0.0,0.0,0.0,4.0,GLN,Polar,1.0
2.0,0.0,0.0,0.0,0.0,4.0,ASN,Polar,0.0
6.0,0.0,0.0,0.0,0.0,2.0,GLU,Negative,0.0
13.0,0.0,0.0,0.0,0.0,0.0,PHE,"Hydrophobic,H-aromatic",0.0
9.0,0.0,0.0,0.0,0.0,1.0,ILE,"Hydrophobic,H-non-aromatic",0.0
5.0,0.0,0.0,0.0,1.0,4.0,GLN,Polar,0.0
18.0,0.0,0.0,0.0,0.0,0.0,TYR,"Hydrophobic,H-aromatic",0.0
9.0,0.0,0.0,0.0,0.0,1.0,ILE,"Hydrophobic,H-non-aromatic",0.0
15.0,0.0,0.0,0.0,0.0,4.0,SER,Polar,0.0
7.0,0.0,0.0,0.0,1.0,3.0,GLY,Non-polar,0.0
2.0,0.0,0.0,0.0,1.0,4.0,ASN,Polar,0.0
3.0,0.0,0.0,0.0,0.0,2.0,ASP,Negative,0.0
16.0,0.0,0.0,0.0,1.0,4.0,THR,Polar,0.0
12.0,0.0,0.0,0.0,0.0,1.0,MET,"Hydrophobic,H-non-aromatic",0.0
15.0,0.0,0.0,0.0,0.0,4.0,SER,Polar,0.0
19.0,0.0,0.0,0.0,0.0,3.0,VAL,Non-polar,0.0
19.0,0.0,0.0,0.0,0.0,3.0,VAL,Non-polar,0.0
0.0,1.0,0.0,0.0,1.0,3.0,ALA,Non-polar,0.0
2.0,0.0,0.0,0.0,0.0,4.0,ASN,Polar,0.0
10.0,0.0,0.0,0.0,0.0,1.0,LEU,"Hydrophobic,H-non-aromatic",0.0
14.0,0.0,0.0,0.0,1.0,3.0,PRO,Non-polar,0.0
0.0,0.0,0.0,0.0,1.0,3.0,ALA,Non-polar,0.0
15.0,0.0,0.0,0.0,0.0,4.0,SER,Polar,0.0
10.0,0.0,0.0,0.0,0.0,1.0,LEU,"Hydrophobic,H-non-aromatic",0.0
7.0,0.0,0.0,0.0,1.0,3.0,GLY,Non-polar,0.0
1.0,0.0,0.0,0.0,0.0,5.0,ARG,Positive,0.0
16.0,0.0,0.0,0.0,0.0,4.0,THR,Polar,0.0
8.0,0.0,0.0,0.0,1.0,4.0,HIS,Polar,0.0
15.0,0.0,0.0,0.0,0.0,4.0,SER,Polar,0.0
18.0,0.0,0.0,0.0,1.0,0.0,TYR,"Hydrophobic,H-aromatic",0.0
19.0,0.0,0.0,0.0,0.0,3.0,VAL,Non-polar,0.0
17.0,0.0,0.0,0.0,1.0,0.0,TRP,"Hydrophobic,H-aromatic",0.0
7.0,0.0,0.0,0.0,1.0,3.0,GLY,Non-polar,0.0
8.0,0.0,0.0,0.0,0.0,4.0,HIS,Polar,0.0
11.0,1.0,0.0,0.0,1.0,5.0,LYS,Positive,0.0
8.0,0.0,0.0,0.0,0.0,4.0,HIS,Polar,0.0
11.0,1.0,0.0,0.0,1.0,5.0,LYS,Positive,0.0
9.0,0.0,0.0,0.0,1.0,1.0,ILE,"Hydrophobic,H-non-aromatic",0.0
7.0,0.0,0.0,0.0,0.0,3.0,GLY,Non-polar,0.0
9.0,0.0,0.0,0.0,0.0,1.0,ILE,"Hydrophobic,H-non-aromatic",0.0
18.0,0.0,0.0,0.0,1.0,0.0,TYR,"Hydrophobic,H-aromatic",0.0
16.0,0.0,0.0,0.0,1.0,4.0,THR,Polar,0.0
18.0,0.0,0.0,0.0,1.0,0.0,TYR,"Hydrophobic,H-aromatic",0.0
9.0,0.0,0.0,0.0,0.0,1.0,ILE,"Hydrophobic,H-non-aromatic",0.0
11.0,0.0,0.0,0.0,1.0,5.0,LYS,Positive,0.0
7.0,0.0,0.0,0.0,0.0,3.0,GLY,Non-polar,0.0
0.0,1.0,0.0,0.0,1.0,3.0,ALA,Non-polar,0.0
10.0,0.0,0.0,0.0,0.0,1.0,LEU,"Hydrophobic,H-non-aromatic",0.0
19.0,0.0,0.0,0.0,1.0,3.0,VAL,Non-polar,0.0
19.0,0.0,0.0,0.0,1.0,3.0,VAL,Non-polar,0.0
6.0,0.0,0.0,0.0,1.0,2.0,GLU,Negative,0.0
7.0,1.0,0.0,0.0,1.0,3.0,GLY,Non-polar,0.0
6.0,0.0,0.0,0.0,0.0,2.0,GLU,Negative,0.0
19.0,0.0,0.0,0.0,0.0,3.0,VAL,Non-polar,0.0
6.0,0.0,0.0,0.0,1.0,2.0,GLU,Negative,0.0
9.0,0.0,0.0,0.0,0.0,1.0,ILE,"Hydrophobic,H-non-aromatic",0.0
17.0,0.0,0.0,0.0,0.0,0.0,TRP,"Hydrophobic,H-aromatic",0.0
16.0,0.0,0.0,0.0,1.0,4.0,THR,Polar,0.0
18.0,0.0,0.0,0.0,1.0,0.0,TYR,"Hydrophobic,H-aromatic",0.0
10.0,0.0,0.0,0.0,1.0,1.0,LEU,"Hydrophobic,H-non-aromatic",0.0
3.0,0.0,0.0,0.0,0.0,2.0,ASP,Negative,0.0
13.0,0.0,0.0,0.0,0.0,0.0,PHE,"Hydrophobic,H-aromatic",0.0
2.0,0.0,0.0,0.0,1.0,4.0,ASN,Polar,0.0
2.0,0.0,0.0,0.0,0.0,4.0,ASN,Polar,0.0
8.0,0.0,0.0,0.0,1.0,4.0,HIS,Polar,0.0
10.0,0.0,0.0,0.0,0.0,1.0,LEU,"Hydrophobic,H-non-aromatic",0.0
11.0,0.0,0.0,0.0,1.0,5.0,LYS,Positive,0.0
13.0,0.0,0.0,0.0,0.0,0.0,PHE,"Hydrophobic,H-aromatic",0.0
15.0,0.0,0.0,0.0,0.0,4.0,SER,Polar,0.0
2.0,0.0,0.0,0.0,0.0,4.0,ASN,Polar,0.0
6.0,0.0,0.0,0.0,1.0,2.0,GLU,Negative,0.0
6.0,0.0,0.0,0.0,0.0,2.0,GLU,Negative,0.0
3.0,0.0,0.0,0.0,1.0,2.0,ASP,Negative,0.0
6.0,0.0,0.0,0.0,0.0,2.0,GLU,Negative,0.0
16.0,0.0,0.0,0.0,1.0,4.0,THR,Polar,0.0
3.0,1.0,0.0,0.0,1.0,2.0,ASP,Negative,0.0
3.0,0.0,0.0,0.0,1.0,2.0,ASP,Negative,0.0
17.0,0.0,0.0,0.0,0.0,0.0,TRP,"Hydrophobic,H-aromatic",0.0
10.0,0.0,0.0,0.0,1.0,1.0,LEU,"Hydrophobic,H-non-aromatic",0.0
11.0,0.0,0.0,0.0,0.0,5.0,LYS,Positive,0.0
2.0,0.0,0.0,0.0,1.0,4.0,ASN,Polar,0.0
16.0,1.0,0.0,0.0,0.0,4.0,THR,Polar,0.0
10.0,0.0,0.0,0.0,0.0,1.0,LEU,"Hydrophobic,H-non-aromatic",0.0
10.0,0.0,0.0,0.0,0.0,1.0,LEU,"Hydrophobic,H-non-aromatic",0.0
6.0,0.0,0.0,0.0,1.0,2.0,GLU,Negative,0.0
15.0,0.0,0.0,0.0,0.0,4.0,SER,Polar,0.0
6.0,0.0,0.0,0.0,1.0,2.0,GLU,Negative,0.0
0.0,0.0,0.0,0.0,1.0,3.0,ALA,Non-polar,0.0
0.0,0.0,0.0,0.0,0.0,3.0,ALA,Non-polar,0.0
1.0,0.0,0.0,0.0,0.0,5.0,ARG,Positive,0.0
3.0,1.0,0.0,0.0,1.0,2.0,ASP,Negative,0.0
0.0,1.0,0.0,0.0,1.0,3.0,ALA,Non-polar,0.0
2.0,0.0,0.0,0.0,0.0,4.0,ASN,Polar,0.0
16.0,0.0,0.0,0.0,0.0,4.0,THR,Polar,0.0
6.0,0.0,0.0,0.0,0.0,2.0,GLU,Negative,0.0
10.0,0.0,0.0,0.0,0.0,1.0,LEU,"Hydrophobic,H-non-aromatic",0.0
7.0,0.0,0.0,0.0,1.0,3.0,GLY,Non-polar,0.0
11.0,0.0,0.0,0.0,1.0,5.0,LYS,Positive,0.0
15.0,1.0,0.0,0.0,1.0,4.0,SER,Polar,0.0
3.0,1.0,0.0,0.0,1.0,2.0,ASP,Negative,0.0
9.0,0.0,0.0,0.0,0.0,1.0,ILE,"Hydrophobic,H-non-aromatic",0.0
0.0,0.0,0.0,0.0,0.0,3.0,ALA,Non-polar,0.0
9.0,0.0,0.0,0.0,0.0,1.0,ILE,"Hydrophobic,H-non-aromatic",0.0
15.0,0.0,0.0,0.0,1.0,4.0,SER,Polar,0.0
7.0,0.0,0.0,0.0,0.0,3.0,GLY,Non-polar,0.0
2.0,0.0,0.0,0.0,1.0,4.0,ASN,Polar,0.0
4.0,1.0,1.0,1.0,1.0,1.0,CYS,"Hydrophobic,H-non-aromatic",0.0
18.0,0.0,0.0,0.0,0.0,0.0,TYR,"Hydrophobic,H-aromatic",0.0
9.0,0.0,0.0,0.0,0.0,1.0,ILE,"Hydrophobic,H-non-aromatic",0.0
6.0,0.0,0.0,0.0,0.0,2.0,GLU,Negative,0.0
8.0,0.0,0.0,0.0,0.0,4.0,HIS,Polar,0.0
3.0,0.0,0.0,0.0,0.0,2.0,ASP,Negative,0.0
18.0,0.0,0.0,0.0,0.0,0.0,TYR,"Hydrophobic,H-aromatic",0.0
16.0,0.0,0.0,0.0,1.0,4.0,THR,Polar,0.0
10.0,0.0,0.0,0.0,0.0,1.0,LEU,"Hydrophobic,H-non-aromatic",0.0
3.0,1.0,0.0,0.0,1.0,2.0,ASP,Negative,0.0
7.0,0.0,0.0,0.0,0.0,3.0,GLY,Non-polar,0.0
8.0,0.0,0.0,0.0,1.0,4.0,HIS,Polar,0.0
17.0,0.0,0.0,0.0,1.0,0.0,TRP,"Hydrophobic,H-aromatic",0.0
3.0,0.0,0.0,0.0,1.0,2.0,ASP,Negative,0.0
10.0,0.0,0.0,0.0,0.0,1.0,LEU,"Hydrophobic,H-non-aromatic",0.0
2.0,0.0,0.0,0.0,0.0,4.0,ASN,Polar,0.0
0.0,1.0,0.0,0.0,1.0,3.0,ALA,Non-polar,0.0
15.0,0.0,0.0,0.0,1.0,4.0,SER,Polar,0.0
0.0,1.0,0.0,0.0,1.0,3.0,ALA,Non-polar,0.0
18.0,1.0,0.0,0.0,1.0,0.0,TYR,"Hydrophobic,H-aromatic",0.0
19.0,0.0,0.0,0.0,0.0,3.0,VAL,Non-polar,0.0
13.0,0.0,0.0,0.0,0.0,0.0,PHE,"Hydrophobic,H-aromatic",0.0
3.0,0.0,0.0,0.0,1.0,2.0,ASP,Negative,0.0
6.0,0.0,0.0,0.0,1.0,2.0,GLU,Negative,0.0
10.0,0.0,0.0,0.0,0.0,1.0,LEU,"Hydrophobic,H-non-aromatic",0.0
8.0,0.0,0.0,0.0,1.0,4.0,HIS,Polar,0.0
18.0,0.0,0.0,0.0,0.0,0.0,TYR,"Hydrophobic,H-aromatic",0.0
8.0,1.0,0.0,0.0,1.0,4.0,HIS,Polar,0.0
15.0,0.0,0.0,0.0,1.0,4.0,SER,Polar,0.0
16.0,0.0,0.0,0.0,0.0,4.0,THR,Polar,0.0
0.0,1.0,0.0,0.0,1.0,3.0,ALA,Non-polar,0.0
18.0,0.0,0.0,0.0,0.0,0.0,TYR,"Hydrophobic,H-aromatic",0.0
10.0,0.0,0.0,0.0,0.0,1.0,LEU,"Hydrophobic,H-non-aromatic",0.0
10.0,0.0,0.0,0.0,0.0,1.0,LEU,"Hydrophobic,H-non-aromatic",0.0
19.0,0.0,0.0,0.0,0.0,3.0,VAL,Non-polar,0.0
3.0,0.0,0.0,0.0,0.0,2.0,ASP,Negative,0.0
6.0,0.0,0.0,0.0,1.0,2.0,GLU,Negative,0.0
13.0,0.0,0.0,0.0,0.0,0.0,PHE,"Hydrophobic,H-aromatic",0.0
7.0,0.0,0.0,0.0,1.0,3.0,GLY,Non-polar,0.0
18.0,0.0,0.0,0.0,1.0,0.0,TYR,"Hydrophobic,H-aromatic",0.0
15.0,0.0,0.0,0.0,0.0,4.0,SER,Polar,0.0
11.0,0.0,0.0,0.0,1.0,5.0,LYS,Positive,0.0
14.0,0.0,0.0,0.0,0.0,3.0,PRO,Non-polar,0.0
3.0,0.0,0.0,0.0,0.0,2.0,ASP,Negative,0.0
15.0,1.0,0.0,0.0,1.0,4.0,SER,Polar,0.0
10.0,0.0,0.0,0.0,0.0,1.0,LEU,"Hydrophobic,H-non-aromatic",0.0
16.0,0.0,0.0,0.0,0.0,4.0,THR,Polar,0.0
3.0,0.0,0.0,0.0,0.0,2.0,ASP,Negative,0.0
19.0,0.0,0.0,0.0,0.0,3.0,VAL,Non-polar,1.0
11.0,1.0,0.0,0.0,1.0,5.0,LYS,Positive,0.0
5.0,0.0,0.0,0.0,1.0,4.0,GLN,Polar,0.0
2.0,0.0,0.0,0.0,0.0,4.0,ASN,Polar,0.0
19.0,0.0,0.0,0.0,0.0,3.0,VAL,Non-polar,0.0
15.0,0.0,0.0,0.0,0.0,4.0,SER,Polar,0.0
0.0,0.0,0.0,0.0,0.0,3.0,ALA,Non-polar,0.0
2.0,0.0,0.0,0.0,0.0,4.0,ASN,Polar,0.0
2.0,0.0,0.0,0.0,0.0,4.0,ASN,Polar,0.0
18.0,0.0,0.0,0.0,0.0,0.0,TYR,"Hydrophobic,H-aromatic",0.0
3.0,0.0,0.0,0.0,0.0,2.0,ASP,Negative,0.0
5.0,0.0,0.0,0.0,0.0,4.0,GLN,Polar,0.0
0.0,0.0,0.0,0.0,0.0,3.0,ALA,Non-polar,0.0
8.0,0.0,0.0,0.0,0.0,4.0,HIS,Polar,0.0
9.0,0.0,0.0,0.0,0.0,1.0,ILE,"Hydrophobic,H-non-aromatic",0.0
14.0,0.0,0.0,0.0,0.0,3.0,PRO,Non-polar,0.0
9.0,0.0,0.0,0.0,0.0,1.0,ILE,"Hydrophobic,H-non-aromatic",0.0
16.0,0.0,0.0,0.0,0.0,4.0,THR,Polar,0.0
1.0,0.0,0.0,0.0,1.0,5.0,ARG,Positive,0.0
9.0,0.0,0.0,0.0,0.0,1.0,ILE,"Hydrophobic,H-non-aromatic",0.0
2.0,0.0,0.0,0.0,1.0,4.0,ASN,Polar,0.0
16.0,0.0,0.0,0.0,0.0,4.0,THR,Polar,0.0
13.0,0.0,0.0,0.0,0.0,0.0,PHE,"Hydrophobic,H-aromatic",0.0
10.0,0.0,0.0,0.0,0.0,1.0,LEU,"Hydrophobic,H-non-aromatic",0.0
15.0,0.0,0.0,0.0,1.0,4.0,SER,Polar,0.0
10.0,0.0,0.0,0.0,1.0,1.0,LEU,"Hydrophobic,H-non-aromatic",0.0
14.0,0.0,0.0,0.0,0.0,3.0,PRO,Non-polar,0.0
10.0,0.0,0.0,0.0,1.0,1.0,LEU,"Hydrophobic,H-non-aromatic",0.0
9.0,0.0,0.0,0.0,0.0,1.0,ILE,"Hydrophobic,H-non-aromatic",0.0
17.0,0.0,0.0,0.0,0.0,0.0,TRP,"Hydrophobic,H-aromatic",0.0
19.0,0.0,0.0,0.0,0.0,3.0,VAL,Non-polar,0.0
3.0,1.0,0.0,0.0,1.0,2.0,ASP,Negative,0.0
9.0,0.0,0.0,0.0,0.0,1.0,ILE,"Hydrophobic,H-non-aromatic",0.0
19.0,0.0,0.0,0.0,0.0,3.0,VAL,Non-polar,0.0
16.0,1.0,0.0,0.0,1.0,4.0,THR,Polar,0.0
6.0,1.0,0.0,0.0,1.0,2.0,GLU,Negative,0.0
3.0,1.0,0.0,0.0,1.0,2.0,ASP,Negative,0.0
17.0,0.0,0.0,0.0,0.0,0.0,TRP,"Hydrophobic,H-aromatic",0.0
14.0,0.0,0.0,0.0,1.0,3.0,PRO,Non-polar,0.0
6.0,0.0,0.0,0.0,1.0,2.0,GLU,Negative,0.0
16.0,1.0,0.0,0.0,1.0,4.0,THR,Polar,0.0
5.0,0.0,0.0,0.0,1.0,4.0,GLN,Polar,0.0
12.0,0.0,0.0,0.0,1.0,1.0,MET,"Hydrophobic,H-non-aromatic",0.0
15.0,0.0,0.0,0.0,0.0,4.0,SER,Polar,0.0
19.0,0.0,0.0,0.0,0.0,3.0,VAL,Non-polar,0.0
11.0,0.0,0.0,0.0,1.0,5.0,LYS,Positive,0.0
16.0,1.0,0.0,0.0,1.0,4.0,THR,Polar,0.0
6.0,0.0,0.0,0.0,1.0,2.0,GLU,Negative,0.0
5.0,0.0,0.0,0.0,1.0,4.0,GLN,Polar,0.0
10.0,0.0,0.0,0.0,0.0,1.0,LEU,"Hydrophobic,H-non-aromatic",0.0
11.0,1.0,0.0,0.0,1.0,5.0,LYS,Positive,0.0
15.0,0.0,0.0,0.0,0.0,4.0,SER,Polar,0.0
3.0,0.0,0.0,0.0,1.0,2.0,ASP,Negative,0.0
0.0,0.0,0.0,0.0,1.0,3.0,ALA,Non-polar,0.0
5.0,0.0,0.0,0.0,0.0,4.0,GLN,Polar,0.0
7.0,1.0,0.0,0.0,1.0,3.0,GLY,Non-polar,0.0
10.0,0.0,0.0,0.0,0.0,1.0,LEU,"Hydrophobic,H-non-aromatic",0.0
9.0,0.0,0.0,0.0,0.0,1.0,ILE,"Hydrophobic,H-non-aromatic",0.0
19.0,0.0,0.0,0.0,0.0,3.0,VAL,Non-polar,0.0
11.0,0.0,0.0,0.0,1.0,5.0,LYS,Positive,0.0
13.0,0.0,0.0,0.0,0.0,0.0,PHE,"Hydrophobic,H-aromatic",0.0
5.0,1.0,0.0,0.0,1.0,4.0,GLN,Polar,0.0
6.0,1.0,0.0,0.0,1.0,2.0,GLU,Negative,0.0
16.0,0.0,0.0,0.0,0.0,4.0,THR,Polar,0.0
3.0,0.0,0.0,0.0,0.0,2.0,ASP,Negative,0.0
9.0,0.0,0.0,0.0,0.0,1.0,ILE,"Hydrophobic,H-non-aromatic",0.0
0.0,0.0,0.0,0.0,0.0,3.0,ALA,Non-polar,0.0
13.0,0.0,0.0,0.0,1.0,0.0,PHE,"Hydrophobic,H-aromatic",0.0
10.0,0.0,0.0,0.0,0.0,1.0,LEU,"Hydrophobic,H-non-aromatic",0.0
14.0,1.0,0.0,0.0,1.0,3.0,PRO,Non-polar,0.0
5.0,1.0,0.0,0.0,1.0,4.0,GLN,Polar,0.0
2.0,0.0,0.0,0.0,0.0,4.0,ASN,Polar,0.0
8.0,0.0,0.0,0.0,0.0,4.0,HIS,Polar,0.0
18.0,0.0,0.0,0.0,1.0,0.0,TYR,"Hydrophobic,H-aromatic",0.0
9.0,0.0,0.0,0.0,0.0,1.0,ILE,"Hydrophobic,H-non-aromatic",0.0
16.0,0.0,0.0,0.0,0.0,4.0,THR,Polar,0.0
12.0,0.0,0.0,0.0,0.0,1.0,MET,"Hydrophobic,H-non-aromatic",0.0
3.0,0.0,0.0,0.0,1.0,2.0,ASP,Negative,0.0
9.0,0.0,0.0,0.0,0.0,1.0,ILE,"Hydrophobic,H-non-aromatic",0.0
10.0,0.0,0.0,0.0,0.0,1.0,LEU,"Hydrophobic,H-non-aromatic",0.0
3.0,1.0,0.0,0.0,1.0,2.0,ASP,Negative,0.0
10.0,0.0,0.0,0.0,0.0,1.0,LEU,"Hydrophobic,H-non-aromatic",0.0
12.0,0.0,0.0,0.0,0.0,1.0,MET,"Hydrophobic,H-non-aromatic",0.0
7.0,0.0,0.0,0.0,0.0,3.0,GLY,Non-polar,0.0
9.0,0.0,0.0,0.0,0.0,1.0,ILE,"Hydrophobic,H-non-aromatic",0.0
15.0,0.0,0.0,0.0,0.0,4.0,SER,Polar,0.0
12.0,1.0,1.0,0.0,1.0,1.0,MET,"Hydrophobic,H-non-aromatic",0.0
19.0,0.0,0.0,0.0,0.0,3.0,VAL,Non-polar,0.0
0.0,0.0,0.0,0.0,0.0,3.0,ALA,Non-polar,0.0
15.0,0.0,0.0,0.0,1.0,4.0,SER,Polar,0.0
7.0,0.0,0.0,0.0,0.0,3.0,GLY,Non-polar,0.0
7.0,0.0,0.0,0.0,1.0,3.0,GLY,Non-polar,0.0
19.0,0.0,0.0,0.0,0.0,3.0,VAL,Non-polar,0.0
5.0,0.0,0.0,0.0,0.0,4.0,GLN,Polar,0.0
10.0,0.0,0.0,0.0,0.0,1.0,LEU,"Hydrophobic,H-non-aromatic",0.0
0.0,0.0,0.0,0.0,0.0,3.0,ALA,Non-polar,0.0
18.0,1.0,0.0,0.0,1.0,0.0,TYR,"Hydrophobic,H-aromatic",0.0
9.0,0.0,0.0,0.0,0.0,1.0,ILE,"Hydrophobic,H-non-aromatic",0.0
3.0,1.0,0.0,0.0,1.0,2.0,ASP,Negative,0.0
11.0,0.0,0.0,0.0,1.0,5.0,LYS,Positive,0.0
16.0,0.0,0.0,0.0,1.0,4.0,THR,Polar,0.0
8.0,0.0,0.0,0.0,1.0,4.0,HIS,Polar,0.0
6.0,0.0,0.0,0.0,1.0,2.0,GLU,Negative,0.0
10.0,0.0,0.0,0.0,0.0,1.0,LEU,"Hydrophobic,H-non-aromatic",0.0
19.0,0.0,0.0,0.0,0.0,3.0,VAL,Non-polar,0.0
9.0,0.0,0.0,0.0,0.0,1.0,ILE,"Hydrophobic,H-non-aromatic",0.0
6.0,0.0,0.0,0.0,0.0,2.0,GLU,Negative,0.0
18.0,0.0,0.0,0.0,0.0,0.0,TYR,"Hydrophobic,H-aromatic",0.0
19.0,0.0,0.0,0.0,0.0,3.0,VAL,Non-polar,0.0
16.0,0.0,0.0,0.0,0.0,4.0,THR,Polar,0.0
15.0,0.0,0.0,0.0,0.0,4.0,SER,Polar,0.0
13.0,0.0,0.0,0.0,0.0,0.0,PHE,"Hydrophobic,H-aromatic",0.0
3.0,0.0,0.0,0.0,0.0,2.0,ASP,Negative,0.0
15.0,0.0,0.0,0.0,1.0,4.0,SER,Polar,0.0
5.0,1.0,0.0,0.0,1.0,4.0,GLN,Polar,0.0
2.0,1.0,0.0,0.0,1.0,4.0,ASN,Polar,0.0
0.0,1.0,0.0,0.0,1.0,3.0,ALA,Non-polar,0.0
10.0,0.0,0.0,0.0,1.0,1.0,LEU,"Hydrophobic,H-non-aromatic",0.0
0.0,1.0,0.0,0.0,1.0,3.0,ALA,Non-polar,0.0
14.0,0.0,0.0,0.0,0.0,3.0,PRO,Non-polar,0.0
17.0,0.0,0.0,0.0,0.0,0.0,TRP,"Hydrophobic,H-aromatic",0.0
9.0,0.0,0.0,0.0,0.0,1.0,ILE,"Hydrophobic,H-non-aromatic",0.0
12.0,0.0,0.0,0.0,0.0,1.0,MET,"Hydrophobic,H-non-aromatic",0.0
9.0,0.0,0.0,0.0,0.0,1.0,ILE,"Hydrophobic,H-non-aromatic",0.0
5.0,0.0,0.0,0.0,1.0,4.0,GLN,Polar,0.0
7.0,0.0,0.0,0.0,0.0,3.0,GLY,Non-polar,0.0
7.0,0.0,0.0,0.0,0.0,3.0,GLY,Non-polar,0.0
15.0,0.0,0.0,0.0,0.0,4.0,SER,Polar,0.0
10.0,0.0,0.0,0.0,0.0,1.0,LEU,"Hydrophobic,H-non-aromatic",0.0
9.0,0.0,0.0,0.0,1.0,1.0,ILE,"Hydrophobic,H-non-aromatic",0.0
14.0,1.0,0.0,0.0,1.0,3.0,PRO,Non-polar,0.0
14.0,0.0,0.0,0.0,0.0,3.0,PRO,Non-polar,0.0
15.0,0.0,0.0,0.0,1.0,4.0,SER,Polar,0.0
15.0,0.0,0.0,0.0,0.0,4.0,SER,Polar,0.0
10.0,0.0,0.0,0.0,0.0,1.0,LEU,"Hydrophobic,H-non-aromatic",0.0
9.0,0.0,0.0,0.0,0.0,1.0,ILE,"Hydrophobic,H-non-aromatic",0.0
19.0,0.0,0.0,0.0,0.0,3.0,VAL,Non-polar,0.0
2.0,0.0,0.0,0.0,1.0,4.0,ASN,Polar,0.0
2.0,0.0,0.0,0.0,0.0,4.0,ASN,Polar,0.0
16.0,0.0,0.0,0.0,0.0,4.0,THR,Polar,0.0
5.0,0.0,0.0,0.0,0.0,4.0,GLN,Polar,0.0
0.0,0.0,0.0,0.0,0.0,3.0,ALA,Non-polar,0.0
19.0,0.0,0.0,0.0,0.0,3.0,VAL,Non-polar,0.0
17.0,0.0,0.0,0.0,0.0,0.0,TRP,"Hydrophobic,H-aromatic",0.0
9.0,0.0,0.0,0.0,0.0,1.0,ILE,"Hydrophobic,H-non-aromatic",0.0
14.0,1.0,0.0,0.0,1.0,3.0,PRO,Non-polar,0.0
11.0,1.0,0.0,0.0,1.0,5.0,LYS,Positive,0.0
10.0,0.0,0.0,0.0,0.0,1.0,LEU,"Hydrophobic,H-non-aromatic",0.0
16.0,0.0,0.0,0.0,0.0,4.0,THR,Polar,0.0
11.0,0.0,0.0,0.0,1.0,5.0,LYS,Positive,0.0
3.0,0.0,0.0,0.0,0.0,2.0,ASP,Negative,0.0
19.0,0.0,0.0,0.0,0.0,3.0,VAL,Non-polar,0.0
18.0,0.0,0.0,0.0,0.0,0.0,TYR,"Hydrophobic,H-aromatic",0.0
3.0,0.0,0.0,0.0,0.0,2.0,ASP,Negative,0.0
2.0,0.0,0.0,0.0,1.0,4.0,ASN,Polar,0.0
19.0,1.0,0.0,0.0,1.0,3.0,VAL,Non-polar,0.0
0.0,1.0,0.0,0.0,1.0,3.0,ALA,Non-polar,0.0
1.0,0.0,0.0,0.0,0.0,5.0,ARG,Positive,0.0
